date,yoy_pct
1996-05-01,1.945606112304521
1996-06-01,1.93766031371847
1996-07-01,1.9161291268325442
1996-08-01,1.6933983012818121
1996-09-01,1.8119108305936882
1996-10-01,1.7681142189367005
1996-11-01,1.8442897762279697
1996-12-01,1.7890932220675282
1997-01-01,1.89090681810975
1997-02-01,1.8722040803300866
1997-03-01,1.925384732168678
1997-04-01,1.9631648392840484
1997-05-01,1.872639425360867
1997-06-01,1.9723612487218878
1997-07-01,1.8608108477754515
1997-08-01,1.806869077582296
1997-09-01,1.7286544849046903
1997-10-01,1.5969807052671037
1997-11-01,1.499926661321993
1997-12-01,1.556834302480814
1998-01-01,1.5502524520405014
1998-02-01,1.530882120723187
1998-03-01,1.3663118679557495
1998-04-01,1.3196356896064687
1998-05-01,1.3563046276335644
1998-06-01,1.0491412196033334
1998-07-01,1.3377316343504697
1998-08-01,1.6082589192367047
1998-09-01,1.3883554042915636
1998-10-01,1.5329055768165123
1998-11-01,1.546980822640509
1998-12-01,1.6420478803884198
1999-01-01,1.669100555672709
1999-02-01,1.5220523929113439
1999-03-01,1.4684786309720588
1999-04-01,1.5766059506979735
1999-05-01,1.5413855771153617
1999-06-01,1.7177616345875224
1999-07-01,1.5132473531711765
1999-08-01,1.2600345849796746
1999-09-01,1.4989607419813478
1999-10-01,1.4292020811852657
1999-11-01,1.504089581753254
1999-12-01,1.4159524055692652
2000-01-01,1.490283554954308
2000-02-01,1.6598394054216925
2000-03-01,1.7830912285595302
2000-04-01,1.5634959922639746
2000-05-01,1.5474172939198505
2000-06-01,1.509073139069761
2000-07-01,1.686805328451535
2000-08-01,1.8433196434128662
2000-09-01,1.81549700542456
2000-10-01,1.8493226080981362
2000-11-01,1.9079172523807753
2000-12-01,1.8408175546894778
2001-01-01,1.8953279051799
2001-02-01,1.9144624598572024
2001-03-01,1.872926080408921
2001-04-01,2.015958580265953
2001-05-01,1.9497740669917496
2001-06-01,2.1761821305791296
2001-07-01,2.1053634645255004
2001-08-01,2.0282428957558274
2001-09-01,1.9297971224423893
2001-10-01,1.8730733948953526
2001-11-01,1.9635179759856847
2001-12-01,1.9586254018084226
2002-01-01,1.6699227065206435
2002-02-01,1.6508896998139955
2002-03-01,1.579721050750993
2002-04-01,1.6508026059514957
2002-05-01,1.724397745517603
2002-06-01,1.6165735598911324
2002-07-01,1.5565391403669526
2002-08-01,1.6893267124080902
2002-09-01,1.7677639287369873
2002-10-01,1.7189309257411356
2002-11-01,1.5878667521485479
2002-12-01,1.65523328352295
2003-01-01,1.6995774512735151
2003-02-01,1.6341451804386065
2003-03-01,1.6536633415952906
2003-04-01,1.4788327953555669
2003-05-01,1.572578413903103
2003-06-01,1.5142601214723994
2003-07-01,1.5919689420704985
2003-08-01,1.5002182337660486
2003-09-01,1.3656378133169556
2003-10-01,1.4489220944481573
2003-11-01,1.4080103383696585
2003-12-01,1.3942127212440703
2004-01-01,1.5805058934311056
2004-02-01,1.6830252485398267
2004-03-01,1.7927615596797342
2004-04-01,1.906523849818309
2004-05-01,1.860885176248006
2004-06-01,1.9630128603060237
2004-07-01,1.8386459394860166
2004-08-01,1.768553093432934
2004-09-01,1.8830465965777643
2004-10-01,1.9371201504100322
2004-11-01,2.0545308490083514
2004-12-01,2.063497801068359
2005-01-01,2.096306267356307
2005-02-01,2.106236319361199
2005-03-01,2.1225125901999986
2005-04-01,2.034353634767494
2005-05-01,2.120170466216864
2005-06-01,2.0252169345486237
2005-07-01,2.0045978790265595
2005-08-01,2.045366732670484
2005-09-01,2.111909843965698
2005-10-01,2.144891736995236
2005-11-01,2.2148006812898746
2005-12-01,2.2043177876838627
2006-01-01,2.1353464283164536
2006-02-01,2.074639436581127
2006-03-01,2.1410261104270356
2006-04-01,2.280210384518244
2006-05-01,2.34138029226143
2006-06-01,2.5031020703575324
2006-07-01,2.5170881371778364
2006-08-01,2.6565516295218528
2006-09-01,2.5751803719434196
2006-10-01,2.493078531703685
2006-11-01,2.2630309903280743
2006-12-01,2.2701074131684873
2007-01-01,2.4617703516495393
2007-02-01,2.535393800039243
2007-03-01,2.3239293185675747
2007-04-01,2.1998276683426132
2007-05-01,2.0616968240706246
2007-06-01,1.9820212238531365
2007-07-01,1.9760874890520475
2007-08-01,1.8794994547141952
2007-09-01,1.9653444795892927
2007-10-01,2.148788341250407
2007-11-01,2.321178047255934
2007-12-01,2.4632083007527728
2008-01-01,2.299086370528536
2008-02-01,2.207192182265305
2008-03-01,2.335547526863979
2008-04-01,2.352625790682006
2008-05-01,2.410339080271373
2008-06-01,2.481150071440763
2008-07-01,2.5875569667611176
2008-08-01,2.6603272959089486
2008-09-01,2.6423190640200156
2008-10-01,2.43912495727856
2008-11-01,2.2943099489329377
2008-12-01,2.071692461355301
2009-01-01,2.047838413952574
2009-02-01,2.1211113008820615
2009-03-01,2.154546249059819
2009-04-01,2.2465309612217377
2009-05-01,2.1516686641213534
2009-06-01,2.025353923497497
2009-07-01,1.8489800456981786
2009-08-01,1.821937296841658
2009-09-01,1.7512882177213918
2009-10-01,1.8381608166565533
2009-11-01,1.814217187545597
2009-12-01,1.8580979644104767
2010-01-01,1.6720856371780002
2010-02-01,1.5159049135234692
2010-03-01,1.3628148279204222
2010-04-01,1.1875967087176198
2010-05-01,1.2060001054909897
2010-06-01,1.1930356053858393
2010-07-01,1.1808642946032233
2010-08-01,1.0857392811227884
2010-09-01,0.9791195848408707
2010-10-01,0.7962591147856912
2010-11-01,0.8706059824100221
2010-12-01,0.8483838180317615
2011-01-01,0.9627761503670396
2011-02-01,1.1166747081594597
2011-03-01,1.1792235042674681
2011-04-01,1.3313792716392436
2011-05-01,1.4480843232025808
2011-06-01,1.5286347839283732
2011-07-01,1.6380805872860726
2011-08-01,1.7871880558983255
2011-09-01,1.8464818068219424
2011-10-01,1.9507418941376864
2011-11-01,1.9936170770877837
2011-12-01,2.173869234461745
2012-01-01,2.206508592623835
2012-02-01,2.1652179492689605
2012-03-01,2.1556536574116603
2012-04-01,2.09605291534507
2012-05-01,1.9995234189444933
2012-06-01,1.9676971520104614
2012-07-01,1.906590998991775
2012-08-01,1.7625817090498819
2012-09-01,1.7927069147124497
2012-10-01,1.7707253163360415
2012-11-01,1.6618694837118753
2012-12-01,1.5289978513008728
2013-01-01,1.5324511200960123
2013-02-01,1.4784618906463542
2013-03-01,1.3999798185921453
2013-04-01,1.1836416926464421
2013-05-01,1.1609422877530973
2013-06-01,1.2246331794879994
2013-07-01,1.2724655851991118
2013-08-01,1.2484057493296064
2013-09-01,1.2175291860832438
2013-10-01,1.1775590072130582
2013-11-01,1.2518307720559063
2013-12-01,1.280588625738699
2014-01-01,1.1170882291051676
2014-02-01,1.0599931059404488
2014-03-01,1.1403238690823603
2014-04-01,1.3389385396180842
2014-05-01,1.3599461519263834
2014-06-01,1.2541625592858319
2014-07-01,1.2660948221396184
2014-08-01,1.2501133415323773
2014-09-01,1.2787952545038728
2014-10-01,1.2064460904272378
2014-11-01,1.1427111118033295
2014-12-01,1.1104888740304908
2015-01-01,1.0240276510497415
2015-02-01,1.0891023063644534
2015-03-01,1.0838759183241287
2015-04-01,1.1482046237710763
2015-05-01,1.076134618722624
2015-06-01,1.0574470088374532
2015-07-01,1.0521216723444082
2015-08-01,1.040017207261057
2015-09-01,1.0962974835256212
2015-10-01,1.1026279191212351
2015-11-01,1.1315648413387835
2015-12-01,1.0982142458838329
2016-01-01,1.2622514847151933
2016-02-01,1.3402027433022656
2016-03-01,1.3176251339004574
2016-04-01,1.2801325528143614
2016-05-01,1.412807918057224
2016-06-01,1.4466962404753092
2016-07-01,1.446314207634991
2016-08-01,1.5457447931961132
2016-09-01,1.453867515548124
2016-10-01,1.5417873356628808
2016-11-01,1.5067808567713836
2016-12-01,1.5973632374677749
2017-01-01,1.677867881087547
2017-02-01,1.635791781411089
2017-03-01,1.4277939720905852
2017-04-01,1.400089374950375
2017-05-01,1.2079911769285578
2017-06-01,1.2212170981056758
2017-07-01,1.0712253512326297
2017-08-01,1.0543610746721166
2017-09-01,1.0952085330652617
2017-10-01,1.2437563759976067
2017-11-01,1.2069081061230058
2017-12-01,1.177860628467764
2018-01-01,1.174400391095931
2018-02-01,1.2550438239025574
2018-03-01,1.6069819056486079
2018-04-01,1.6748870127675675
2018-05-01,1.870595470005254
2018-06-01,1.7886685515415834
2018-07-01,1.9221242196727495
2018-08-01,1.7739120901244299
2018-09-01,1.7722413640704593
2018-10-01,1.649931493630552
2018-11-01,1.8403172499434906
2018-12-01,1.8799868489820737
2019-01-01,1.8970540437258432
2019-02-01,1.7275397435186912
2019-03-01,1.5420388979601851
2019-04-01,1.6072163594497146
2019-05-01,1.504869095542305
2019-06-01,1.6037090535090615
2019-07-01,1.6236585641573154
2019-08-01,1.769541433277011
2019-09-01,1.7138319345165742
2019-10-01,1.747968136889555
2019-11-01,1.6291909107878144
2019-12-01,1.6503826966120627
2020-01-01,1.6412157708159958
2020-02-01,1.7648018046860559
2020-03-01,1.6618691591065105
2020-04-01,1.2662667342407286
2020-05-01,1.2746003746713752
2020-06-01,1.3101472580712814
2020-07-01,1.3881293574614872
2020-08-01,1.569876066747744
2020-09-01,1.6747778274436964
2020-10-01,1.5378530116608946
2020-11-01,1.4443823384124421
2020-12-01,1.437824165727175
2021-01-01,1.4657585825077035
2021-02-01,1.5119247443245554
2021-03-01,1.900702675605137
2021-04-01,2.5489935786361384
2021-05-01,2.8515306612746594
2021-06-01,3.084937958803402
2021-07-01,3.2852539746008658
2021-08-01,3.249524919868252
2021-09-01,3.268681117387895
2021-10-01,3.7090545188712465
2021-11-01,4.216164255526844
2021-12-01,4.582806420517982
2022-01-01,4.8695689325204405
2022-02-01,5.1408079888295655
2022-03-01,5.222697048171665
2022-04-01,5.031312944071242
2022-05-01,5.0055581687533435
2022-06-01,5.211616420806786
2022-07-01,5.072084526274145
2022-08-01,5.313193577088571
2022-09-01,5.511075433008106
2022-10-01,5.446357198778395
2022-11-01,5.179659425398531
2022-12-01,5.050796711583594
2023-01-01,4.991828575277113
2023-02-01,4.892879220113899
2023-03-01,4.84536423340467
2023-04-01,4.841996548265692
2023-05-01,4.793354730239319
2023-06-01,4.311107273964843
2023-07-01,4.24948236774827
2023-08-01,3.882282576423801
2023-09-01,3.742157034931326
2023-10-01,3.592403848203163
2023-11-01,3.506181974796596
2023-12-01,3.260754570611124
2024-01-01,3.1674465794093276
2024-02-01,2.9293280922264797
2024-03-01,2.8906694672375943
2024-04-01,2.704623810289153
2024-05-01,2.5157074137839963
2024-06-01,2.572005210180617
2024-07-01,2.4938576580423977
2024-08-01,2.5448876005473187
2024-09-01,2.562036628829789
2024-10-01,2.5664287278053033
2024-11-01,2.5505260105366245
2024-12-01,2.5665325891900848
2025-01-01,2.4745460896812954
2025-02-01,2.6260920608991656
2025-03-01,2.357387721089843
2025-04-01,2.4535359283798464
2025-05-01,2.506536901702483
2025-06-01,2.61942952425267
2025-07-01,2.6859740448668568
2025-08-01,2.7508444150218914
2025-09-01,2.713298489528415
2025-10-01,2.641384297444782
2025-11-01,2.643417831361927
2025-12-01,2.7352224997479135
2026-01-01,2.809238193123309
2026-02-01,2.8279213563095817
2026-03-01,2.9786134594186553
2026-04-01,2.95698251696741
2026-05-01,3.0125024461423067
