date,core,mkt,wedge
1996-05-01,1.8643527639355728,1.655091296068112,0.20926146786746092
1996-06-01,1.8540496728999045,1.6583167734893323,0.19573289941057226
1996-07-01,1.884365832863688,1.6233811592785585,0.26098467358512956
1996-08-01,1.728487609381979,1.4231750324082526,0.3053125769737264
1996-09-01,1.9033084741858497,1.5406240431987017,0.362684430987148
1996-10-01,1.8972525026211162,1.5024439013552549,0.39480860126586137
1996-11-01,1.964921345734294,1.5687254452820154,0.3961959004522786
1996-12-01,1.8603984520567662,1.4756872208815164,0.38471123117524986
1997-01-01,1.8539993414365297,1.5649040127521108,0.2890953286844189
1997-02-01,1.9302259079210904,1.5667603216564352,0.3634655862646552
1997-03-01,1.937177255998379,1.6229730103041407,0.31420424569423844
1997-04-01,1.9986609114349463,1.6816576536806016,0.3170032577543447
1997-05-01,1.8956469801902687,1.5716686410093939,0.3239783391808748
1997-06-01,1.968084350532151,1.6643035116941762,0.3037808388379748
1997-07-01,1.8466775405999725,1.5562062660672948,0.2904712745326776
1997-08-01,1.7175410254230083,1.4774195321733963,0.24012149324961207
1997-09-01,1.6205142695676855,1.4048601307548036,0.21565413881288187
1997-10-01,1.5335175057788808,1.2681605515882932,0.2653569541905876
1997-11-01,1.431567686265689,1.1795579732925,0.2520097129731891
1997-12-01,1.4521303540271147,1.265615176448076,0.18651517757903857
1998-01-01,1.4983695041043354,1.259655539481952,0.23871396462238348
1998-02-01,1.3774722962547337,1.2169030974476414,0.1605691988070923
1998-03-01,1.24405261684859,1.0615307245864791,0.1825218922621108
1998-04-01,1.2318435754190116,1.0121155385512948,0.2197280368677168
1998-05-01,1.256071009881099,1.0564287554753804,0.1996422544057186
1998-06-01,0.9796817079628761,0.7555651844228795,0.22411652353999667
1998-07-01,1.1948695809600896,1.0233779594709835,0.17149162148910602
1998-08-01,1.4335868929198359,1.2812004821430856,0.1523864107767503
1998-09-01,1.2067790954717994,1.0515502932987308,0.15522880217306856
1998-10-01,1.2507635071353107,1.2009456264775453,0.04981788065776538
1998-11-01,1.2378916983540877,1.2117364169345946,0.026155281419493193
1998-12-01,1.3536754507628368,1.3051341575338826,0.048541293228954174
1999-01-01,1.3433042514887417,1.3302424626332465,0.013061788855495138
1999-02-01,1.2217733008633935,1.2090042544025126,0.01276904646088095
1999-03-01,1.1444525840025532,1.1525943459665955,-0.00814176196404226
1999-04-01,1.2182334924532912,1.2638845983372171,-0.04565110588392596
1999-05-01,1.2170581100451994,1.2480206124694693,-0.0309625024242699
1999-06-01,1.397993403348008,1.4299153339605075,-0.031921930612499594
1999-07-01,1.2949838299043392,1.250184244730601,0.044799585173738166
1999-08-01,1.1468677462331822,1.0202853589719618,0.1265823872612204
1999-09-01,1.4314169929253495,1.2679899416831786,0.16342705124217094
1999-10-01,1.40669344776998,1.1973729876925576,0.20932046007742233
1999-11-01,1.4859492803289909,1.279980780267742,0.20596850006124878
1999-12-01,1.4395971317532563,1.2110473094498975,0.22854982230335885
2000-01-01,1.538671768242672,1.3034688231538638,0.23520294508880824
2000-02-01,1.7223703096165721,1.46859286455423,0.253777445062342
2000-03-01,1.9008704920945085,1.5968408876361195,0.304029604458389
2000-04-01,1.70653581408029,1.3688091890601273,0.3377266250201627
2000-05-01,1.7185265881391798,1.3612024175591042,0.3573241705800756
2000-06-01,1.742112856248479,1.3156848716114,0.42642798463707887
2000-07-01,1.7919734804227927,1.4901670151663549,0.30180646525643784
2000-08-01,1.8725727166562622,1.6546210256003002,0.21795169105596202
2000-09-01,1.850020992185497,1.6338229078613598,0.21619808432413734
2000-10-01,1.8184768059705814,1.6686232868580841,0.14985351911249722
2000-11-01,1.9004781586838382,1.7263646187501536,0.1741135399336846
2000-12-01,1.8710878480466153,1.6401642796967097,0.23092356834990557
2001-01-01,2.0052216510106913,1.6766451341841293,0.32857651682656197
2001-02-01,2.035879862930856,1.6951152363722022,0.3407646265586539
2001-03-01,1.932464327861827,1.6437208815369253,0.2887434463249017
2001-04-01,2.0276880603615766,1.792583675712467,0.23510438464910965
2001-05-01,1.94251442494342,1.7077476299444339,0.23476679499898623
2001-06-01,2.092195735345248,1.939398694861838,0.15279704048341003
2001-07-01,2.1221221221221276,1.876434383475889,0.2456877386462386
2001-08-01,2.0420948801002314,1.7852492317308233,0.25684564836940815
2001-09-01,1.2167067803146026,1.6712367932006922,-0.45453001288608963
2001-10-01,1.7873267116375269,1.624370750947124,0.16295596069040297
2001-11-01,1.8146631142217151,1.7242719452793098,0.09039116894240529
2001-12-01,1.738727405151308,1.7263708653870946,0.012356539764213359
2002-01-01,1.4182806480552923,1.4501362327449252,-0.0318555846896329
2002-02-01,1.4328987225075585,1.4309471323046052,0.0019515902029532128
2002-03-01,1.4485126761304645,1.3673585002832445,0.08115417584722007
2002-04-01,1.5696834362275203,1.4473751863848916,0.12230824984262867
2002-05-01,1.6586121762882877,1.5415075661151079,0.11710461017317986
2002-06-01,1.5933331586257538,1.4368184733803524,0.15651468524540135
2002-07-01,1.5382604718028992,1.3772447425346002,0.161015729268299
2002-08-01,1.6877196190874244,1.5287781288779057,0.15894149020951875
2002-09-01,2.43569195196931,1.6028631686585415,0.8328287833107684
2002-10-01,1.8055156938972639,1.549892758655913,0.2556229352413508
2002-11-01,1.6976956125504428,1.408504514600839,0.28919109794960374
2002-12-01,1.7688863435205926,1.4768227939959466,0.29206354952464597
2003-01-01,1.7809056731407091,1.5337813756937102,0.24712429744699893
2003-02-01,1.7268690436001988,1.4743076473354488,0.25256139626474994
2003-03-01,1.768901569186876,1.5064143274482245,0.26248724173865146
2003-04-01,1.598448108632411,1.327893363067334,0.27055474556507697
2003-05-01,1.63155107155315,1.3978222334768198,0.23372883807633027
2003-06-01,1.5270719942218847,1.3317313772606587,0.19534061696122595
2003-07-01,1.5741646501570505,1.4039872227062045,0.17017742745084607
2003-08-01,1.4888560601194811,1.3003704543736339,0.18848560574584727
2003-09-01,1.4646283281178007,1.1838115965731033,0.28081673154469744
2003-10-01,1.565903790461065,1.28108420708557,0.2848195833754952
2003-11-01,1.6053460327213998,1.249544763842314,0.3558012688790857
2003-12-01,1.6371007968076556,1.2407944095248924,0.39630638728276324
2004-01-01,1.828987730061371,1.4303802228935902,0.3986075071677808
2004-02-01,1.8532700260376789,1.5380568880650314,0.3152131379726475
2004-03-01,1.8604888243239692,1.641723810000495,0.21876501432347428
2004-04-01,2.012448925039134,1.7694135300737823,0.24303539496535187
2004-05-01,2.0057452271398324,1.7431696718445577,0.26257555529527465
2004-06-01,2.110063771945425,1.852152315814437,0.2579114561309881
2004-07-01,1.9755433060888228,1.7344207184212257,0.2411225876675971
2004-08-01,1.899903802339109,1.6817175411100171,0.2181862612290919
2004-09-01,1.9490861288773198,1.7965933109536092,0.1524928179237106
2004-10-01,1.9820842795861715,1.8296694430307348,0.15241483655543675
2004-11-01,2.0625440983771837,1.9373883707084927,0.12515572766869099
2004-12-01,2.0662665005599656,1.9381381976801837,0.12812830287978194
2005-01-01,2.1714300058992553,1.9688542825361477,0.20257572336310758
2005-02-01,2.1754385964912304,1.9649927839248127,0.2104458125664177
2005-03-01,2.255610878975145,1.9796129413502728,0.27599793762487224
2005-04-01,2.107509171221089,1.8774958530441532,0.23001331817693593
2005-05-01,2.176892787718687,1.9599901816396592,0.216902606079028
2005-06-01,2.086365841824356,1.8699376278995539,0.21642821392480194
2005-07-01,2.1149688098019315,1.8492681255201315,0.26570068428179994
2005-08-01,2.158872119744104,1.8814376238592834,0.2774344958848207
2005-09-01,2.193265225153729,1.9529770992366524,0.24028812591707638
2005-10-01,2.2652200269698497,1.995489729993305,0.2697302969765447
2005-11-01,2.306030491944955,2.0757793298128435,0.23025116213211128
2005-12-01,2.280881283211489,2.0641867250182244,0.21669455819326444
2006-01-01,2.1424798221152175,1.979321964049796,0.16315785806542138
2006-02-01,2.1377060439560447,1.933173646899422,0.20453239705662263
2006-03-01,2.167928844953937,1.995509198899037,0.1724196460548999
2006-04-01,2.362185479830381,2.1202947668037764,0.2418907130266046
2006-05-01,2.4085659581214447,2.1750905786198427,0.23347537950160202
2006-06-01,2.595788242176078,2.3324071066844754,0.2633811354916027
2006-07-01,2.545755451713405,2.3504247828020075,0.1953306689113976
2006-08-01,2.671351969164548,2.4974785072763073,0.17387346188824093
2006-09-01,2.6060054595086424,2.415123271916997,0.19088218759164555
2006-10-01,2.4969151484357965,2.3293335882971666,0.1675815601386299
2006-11-01,2.284218020344375,2.105087493443958,0.1791305269004173
2006-12-01,2.31560168275895,2.132018390147472,0.18358329261147777
2007-01-01,2.500451019303629,2.325996006465725,0.1744550128379041
2007-02-01,2.556466816364278,2.399715167339167,0.15675164902511085
2007-03-01,2.376989306541799,2.199102841790035,0.17788646475176417
2007-04-01,2.210973687980511,2.0904441898643045,0.12052949811620639
2007-05-01,2.075642460761662,1.9638565571839184,0.11178590357774354
2007-06-01,1.9872662913073214,1.881935301861959,0.10533098944536246
2007-07-01,2.0411069445103625,1.8632227766363307,0.17788416787403172
2007-08-01,1.984841307437235,1.750152289021134,0.23468901841610101
2007-09-01,2.1023258013787016,1.8458299216282725,0.2564958797504291
2007-10-01,2.183509194344113,2.02870791044254,0.15480128390157333
2007-11-01,2.33584220088241,2.1795979359779727,0.1562442649044371
2007-12-01,2.4033930254476976,2.3032607174511277,0.10013230799656991
2008-01-01,2.1930442128977656,2.156969788484542,0.03607442441322384
2008-02-01,2.072405395279131,2.0722746343385667,0.00013076094056430065
2008-03-01,2.169742905934924,2.1969495176439313,-0.02720661170900751
2008-04-01,2.0837226686600596,2.2130701866012625,-0.12934751794120292
2008-05-01,2.148931950488242,2.268026943651713,-0.11909499316347105
2008-06-01,2.2140952025996308,2.3444440598571648,-0.13034885725753398
2008-07-01,2.244499232451047,2.458449551647024,-0.21395031919597685
2008-08-01,2.217938594453983,2.5420801768403667,-0.3241415823863836
2008-09-01,2.0439832775532407,2.503790141039186,-0.45980686348594535
2008-10-01,1.6344021437811884,2.313468714943112,-0.6790665711619237
2008-11-01,1.3902658335831042,2.1856612396458086,-0.7953954060627044
2008-12-01,1.137827887712839,1.9698368728839677,-0.8320089851711288
2009-01-01,0.9059281457752144,1.9431495167709034,-1.037221370995689
2009-02-01,0.8878386748950362,2.008629499261949,-1.120790824366913
2009-03-01,0.762458642915198,2.035265853769097,-1.272807210853899
2009-04-01,0.9279176201372863,2.133463114290257,-1.2055454941529709
2009-05-01,0.8223026759099472,2.0369659036988397,-1.2146632277888925
2009-06-01,0.7201458523245163,1.9175920184882456,-1.1974461661637292
2009-07-01,0.6255829295479742,1.7290061308285143,-1.10342320128054
2009-08-01,0.6509440392611365,1.6964947342420267,-1.0455506949808901
2009-09-01,0.7251804439602383,1.628047687343126,-0.9028672433828877
2009-10-01,1.2398995351797337,1.7252374718893737,-0.48533793670964
2009-11-01,1.373476441695476,1.710682260336771,-0.3372058186412952
2009-12-01,1.5095155217327072,1.7484432817967521,-0.23892776006404493
2010-01-01,1.690903711795344,1.5659331467002824,0.12497056509506166
2010-02-01,1.698653811169737,1.4169792629036282,0.2816745482661087
2010-03-01,1.7769698346872698,1.2716570413149775,0.5053127933722923
2010-04-01,1.6029746856967897,1.0837886058134405,0.5191860798833492
2010-05-01,1.636855877388732,1.097246365579041,0.5396095118096911
2010-06-01,1.555570639876902,1.0640886666813953,0.4914819731955067
2010-07-01,1.4705882352941124,1.0593595187544214,0.41122871653969106
2010-08-01,1.4176232237384179,0.9881095642381599,0.429513659500258
2010-09-01,1.2968283476987308,0.8985567965072105,0.39827155119152025
2010-10-01,1.0787813475225283,0.7039077880797606,0.3748735594427677
2010-11-01,1.1215791834903621,0.7695013631167091,0.352077820373653
2010-12-01,1.056748397507734,0.730648794154809,0.3260996033529251
2011-01-01,1.1234446334258408,0.8378814666769152,0.28556316674892557
2011-02-01,1.2119043892404369,0.9866976907542346,0.22520669848620223
2011-03-01,1.2145703792183493,1.0418380216044243,0.17273235761392502
2011-04-01,1.3947001394700065,1.2026267033557358,0.19207343611427063
2011-05-01,1.5235611430609364,1.3197091163972496,0.20385202666368674
2011-06-01,1.5863290518787654,1.4074949654145907,0.17883408646417465
2011-07-01,1.7344517595160758,1.5275194222562627,0.20693233725981308
2011-08-01,1.8396305158310478,1.6562445338464293,0.18338598198461842
2011-09-01,1.8508219696126815,1.7035272520652178,0.1472947175474637
2011-10-01,1.744721966171725,1.7933399591529176,-0.048617992981192515
2011-11-01,1.8278615794143915,1.852336693284462,-0.02447511387007051
2011-12-01,1.9749609110768507,2.0593368237347143,-0.0843759126578636
2012-01-01,2.0614792192271914,2.09308910330408,-0.031609884076888584
2012-02-01,2.0258477852645562,2.0432339611568207,-0.017386175892264433
2012-03-01,2.044845423362407,2.0361426168122865,0.008702806550120457
2012-04-01,1.9653370013755112,1.9693654266958571,-0.004028425320345974
2012-05-01,1.826744683887549,1.8905451125787565,-0.0638004286912075
2012-06-01,1.8192584794552102,1.858527424612011,-0.03926894515680068
2012-07-01,1.7738650548584145,1.7922962515896756,-0.018431196731261146
2012-08-01,1.6359225422913903,1.6389387763880991,-0.003016234096708814
2012-09-01,1.6916020530741482,1.6653236637120594,0.026278389362088816
2012-10-01,1.889449210819305,1.6512344023261072,0.23821480849319787
2012-11-01,1.7830690135935745,1.536962063277847,0.2461069503157276
2012-12-01,1.6898651587646807,1.4011200410396718,0.2887451177250089
2013-01-01,1.5915867078657886,1.4016299014378841,0.18995680642790447
2013-02-01,1.5601316530249987,1.3600877613402895,0.20004389168470915
2013-03-01,1.4807449119659477,1.2807011945410673,0.20004371742488036
2013-04-01,1.3770626261318197,1.0612756554625458,0.31578697066927397
2013-05-01,1.3929168238908884,1.0258640809658104,0.36705274292507806
2013-06-01,1.4636510500807942,1.098796304145111,0.36485474593568323
2013-07-01,1.4879607514040272,1.1434742559476518,0.34448649545637533
2013-08-01,1.5332509004892136,1.13320142628901,0.40004947420020365
2013-09-01,1.529226044094134,1.122324966974908,0.4069010771192261
2013-10-01,1.4548181477315403,1.0882185303244585,0.3665996174070818
2013-11-01,1.5142597249719225,1.1413381715382753,0.3729215534336472
2013-12-01,1.5473618923369736,1.166749227964048,0.38061266437292574
2014-01-01,1.4524615006989983,1.0088152994887523,0.443646201210246
2014-02-01,1.3901177975587542,0.9425437121721503,0.4475740853866039
2014-03-01,1.447423075694143,1.0292495930263046,0.4181734826678385
2014-04-01,1.5712658483877373,1.241446006033775,0.3298198423539622
2014-05-01,1.62365625697789,1.263270642346348,0.36038561463154206
2014-06-01,1.5635448842467259,1.1665077085931674,0.39703717565355845
2014-07-01,1.6103213221808854,1.192308094924055,0.41801322725683043
2014-08-01,1.5397485995065185,1.1822309639890394,0.35751763551747917
2014-09-01,1.5548480585553692,1.18615903936794,0.36868901918742925
2014-10-01,1.4709143321753215,1.118269240809,0.3526450913663215
2014-11-01,1.392578536791067,1.0679682529749712,0.3246102838160958
2014-12-01,1.3563462895293865,1.0241076823703343,0.3322386071590522
2015-01-01,1.2097113523521053,0.935212089022186,0.27449926332991925
2015-02-01,1.2774816263445121,1.0107739551345585,0.26670767120995365
2015-03-01,1.2808398950131306,1.0156453038099755,0.26519459120315503
2015-04-01,1.2943728841981805,1.0798239056400094,0.21454897855817112
2015-05-01,1.2472011216439594,1.0224821635971493,0.22471895804681008
2015-06-01,1.254154386404971,0.989370739489881,0.26478364691508993
2015-07-01,1.1789500041732737,0.9661935697438562,0.2127564344294175
2015-08-01,1.2212546279397163,0.9616179998345631,0.2596366281051532
2015-09-01,1.2321248164310905,1.0390200574249553,0.19310475900613522
2015-10-01,1.1779886779886617,1.044979554747849,0.1330091232408126
2015-11-01,1.1967020513407034,1.0649385493308072,0.13176350200989617
2015-12-01,1.191700692994213,1.038476214047801,0.1532244789464121
2016-01-01,1.4062402560957699,1.193780373301423,0.2124598827943469
2016-02-01,1.4658859681907055,1.2634486170081116,0.20243735118259387
2016-03-01,1.4574479112677619,1.2215453011155564,0.23590261015220548
2016-04-01,1.5199486797450534,1.2007971074040613,0.3191515723409921
2016-05-01,1.5687328193787042,1.2841569319838042,0.28457588739490003
2016-06-01,1.5524039553270974,1.3264123265046557,0.22599162882244173
2016-07-01,1.5993318072140106,1.342185610950608,0.2571461962634025
2016-08-01,1.6969584569733076,1.421519428114948,0.2754390288583597
2016-09-01,1.6852545372237682,1.3278407000040904,0.3574138372196778
2016-10-01,1.7824083597317797,1.394906801831275,0.3875015579005048
2016-11-01,1.7188591624542893,1.3539039606285552,0.36495520182573404
2016-12-01,1.770093227647962,1.4452518984241047,0.3248413292238572
2017-01-01,1.863334939067518,1.5661323871283495,0.29720255193916856
2017-02-01,1.867275108455435,1.5204249862612151,0.34685012219421996
2017-03-01,1.6786546242183897,1.3155888124116943,0.3630658118066954
2017-04-01,1.6368213459441172,1.2667350108098718,0.3700863351342454
2017-05-01,1.545521142810613,1.1361217809038315,0.4093993619067815
2017-06-01,1.5764438029800987,1.1602243505375975,0.41621945244250114
2017-07-01,1.5031107592688553,1.0312196700096976,0.4718910892591577
2017-08-01,1.433593710424197,1.0118146016358631,0.4217791087883338
2017-09-01,1.4225873687192525,1.028983021780161,0.3936043469390915
2017-10-01,1.5410111053849596,1.2134527972908815,0.32755830809407804
2017-11-01,1.5453764961365524,1.180677983176337,0.3646985129602154
2017-12-01,1.5768765133171936,1.1409368963296806,0.43593961698751293
2018-01-01,1.6320370277204788,1.141428743524875,0.49060828419560387
2018-02-01,1.6442181175359671,1.1949155940494727,0.44930252348649447
2018-03-01,1.909183171052753,1.5423519613057213,0.36683120974703165
2018-04-01,1.8842192874261698,1.6237508644969756,0.26046842292919425
2018-05-01,1.9809023776840462,1.7847479707385316,0.19615440694551456
2018-06-01,1.9362198184856405,1.6933546837469837,0.24286513473865678
2018-07-01,1.9958004199579937,1.8072289156626509,0.18857150429534286
2018-08-01,1.8957629996604108,1.6834612923864345,0.21230170727397635
2018-09-01,1.9602952913008842,1.7064914575573686,0.25380383374351556
2018-10-01,1.8709073900841755,1.5623599701269697,0.3085474199572058
2018-11-01,2.0102451882429095,1.7603074564154664,0.24993773182744317
2018-12-01,2.0380799141860972,1.7995344487993226,0.23854546538677468
2019-01-01,1.844426623897344,1.7657743501176215,0.07865227377972239
2019-02-01,1.7441056147354805,1.6345048936085904,0.10960072112689012
2019-03-01,1.61606799514884,1.4606186382053687,0.15544935694347117
2019-04-01,1.6367788035668518,1.4656422294331728,0.171136574133679
2019-05-01,1.563175476517964,1.3793307144755795,0.18384476204238442
2019-06-01,1.6569813098790576,1.4998228555682447,0.15715845431081288
2019-07-01,1.6391192674940713,1.4861703591578346,0.15294890833623676
2019-08-01,1.745804579673771,1.6152817649140783,0.13052281475969263
2019-09-01,1.6320140893302693,1.5512095507383084,0.0808045385919609
2019-10-01,1.6235859562745425,1.5746024275937742,0.048983528680768273
2019-11-01,1.4977183197472543,1.4294799667335267,0.0682383530137276
2019-12-01,1.544751058548699,1.4560023452386828,0.08874871331001621
2020-01-01,1.5913288616700605,1.4483848314606806,0.14294403020937985
2020-02-01,1.6976972310441596,1.5838515370669937,0.11384569397716593
2020-03-01,1.5272953094374042,1.4814742665679503,0.045821042869453876
2020-04-01,0.9954970222243897,1.094532199270959,-0.09903517704656917
2020-05-01,0.9973783749794407,1.1012702482228187,-0.10389187324337801
2020-06-01,0.9704519119350996,1.082066397766046,-0.11161448583094646
2020-07-01,1.2143366963097257,1.2261501210653725,-0.011813424755646729
2020-08-01,1.3931038469319867,1.3961048384756092,-0.0030009915436224333
2020-09-01,1.4796915464076354,1.3960323291697163,0.08365921723791914
2020-10-01,1.4217326104510208,1.2828185328185304,0.13891407763249042
2020-11-01,1.453521884486797,1.2723554492311884,0.1811664352556086
2020-12-01,1.508790092214496,1.3118227787141779,0.19696731350031804
2021-01-01,1.6974939477738316,1.3392556699643343,0.35823827780949724
2021-02-01,1.7094670091967412,1.3643821421375213,0.3450848670592199
2021-03-01,2.1991360195733556,1.7650615707992312,0.4340744487741244
2021-04-01,3.1306032044336574,2.455745617830596,0.6748575866030615
2021-05-01,3.5411199019175887,2.771213955007412,0.7699059469101766
2021-06-01,3.8617128102137466,3.0052181253117594,0.8564946849019872
2021-07-01,3.92711817566731,3.163152053274132,0.7639661223931782
2021-08-01,3.9584580447155737,3.1573824927005223,0.8010755520150514
2021-09-01,4.013850678303776,3.2427536231884213,0.7710970551153551
2021-10-01,4.436672448273571,3.7091747753242643,0.7274976729493066
2021-11-01,4.8908669097107005,4.127256274705915,0.7636106350047855
2021-12-01,5.2145501246505965,4.454923136889555,0.7596269877610418
2022-01-01,5.35843659732218,4.760639811775413,0.597796785546767
2022-02-01,5.602764293293028,5.0310000473283045,0.5717642459647232
2022-03-01,5.593221924008485,5.09016486211189,0.5030570618965946
2022-04-01,5.345023150300299,4.8622776969640125,0.48274545333628627
2022-05-01,5.184136763522318,4.826574197829725,0.3575625656925929
2022-06-01,5.31569109508947,5.096614983470693,0.21907611161877671
2022-07-01,5.107374057840786,4.920146166830519,0.1872278910102665
2022-08-01,5.362447330658338,5.165061834595908,0.19738549606242994
2022-09-01,5.606479327988612,5.433086136995402,0.1733931909932096
2022-10-01,5.459759683450094,5.294933882246999,0.16482580120309454
2022-11-01,5.20808883271644,5.0156424376589515,0.1924463950574884
2022-12-01,4.9668814733705435,4.860156726402298,0.1067247469682453
2023-01-01,4.937665213974429,4.8033036296457166,0.1343615843287127
2023-02-01,4.855603371625716,4.729632299927911,0.12597107169780575
2023-03-01,4.783286394955444,4.6892528606686135,0.09403353428683037
2023-04-01,4.789642299240104,4.680675878857299,0.10896642038280557
2023-05-01,4.731625374880166,4.625741161785024,0.10588421309514207
2023-06-01,4.383786808421353,4.090981587481601,0.29280522093975136
2023-07-01,4.299124123250864,4.02026041528547,0.2788637079653933
2023-08-01,3.8282036156702226,3.6149346936980686,0.21326892197215397
2023-09-01,3.687774208035388,3.4923443467292703,0.19542986130611784
2023-10-01,3.4740628549791763,3.3530279360812765,0.12103491889789986
2023-11-01,3.2907438711504255,3.2804592294492174,0.01028464170120813
2023-12-01,3.1123879882344996,3.0187565639294256,0.09363142430507398
2024-01-01,3.159014510020852,2.9603898797179617,0.19862463030289046
2024-02-01,3.059467984974007,2.762288310615446,0.29717967435856085
2024-03-01,3.122173857921662,2.7389627089584145,0.38321114896324726
2024-04-01,3.006720905553606,2.602465673785548,0.4042552317680581
2024-05-01,2.7711764063720334,2.3529311505586126,0.41824525581342087
2024-06-01,2.7531619063573265,2.43456054479676,0.3186013615605665
2024-07-01,2.8062163337682744,2.4227745910346377,0.38344174273363674
2024-08-01,2.873279917118543,2.496498450829754,0.37678146628878917
2024-09-01,2.838627996468368,2.457871706545034,0.3807562899233341
2024-10-01,2.9865021082658982,2.469917669411026,0.5165844388548724
2024-11-01,2.980710120125618,2.4846711142223477,0.49603900590327044
2024-12-01,2.9885896245190446,2.4980832582082835,0.49050636631076117
2025-01-01,2.7801380994415092,2.3876663813216403,0.3924717181198689
2025-02-01,2.9686432938117457,2.5322815655931086,0.43636172821863717
2025-03-01,2.670294814316976,2.2645917643622893,0.40570304995468653
2025-04-01,2.614795918367352,2.403133072243979,0.21166284612337272
2025-05-01,2.783883382495933,2.5178178911609894,0.2660654913349436
2025-06-01,2.8073722050588,2.630157477043249,0.17721472801555116
2025-07-01,2.86304724556794,2.6309675920548337,0.23207965351310644
2025-08-01,2.912416347215907,2.6071257018866145,0.3052906453292925
2025-09-01,2.825069249833967,2.555036966668034,0.270032283165933
2025-10-01,2.75453840687383,2.4985578903996775,0.25598051647415243
2025-11-01,2.8290927864990767,2.503435846370339,0.3256569401287379
2025-12-01,2.971110180682146,2.7347603077530147,0.23634987292913134
2026-01-01,3.104657789335974,2.8270723530520625,0.2775854362839114
2026-02-01,3.0492628550881085,2.8878979435161156,0.16136491157199284
2026-03-01,3.253849776876594,3.09809969076118,0.15575008611541374
2026-04-01,3.318672212395035,3.107556105261433,0.21111610713360207
2026-05-01,3.412035932904045,3.163374699499699,0.24866123340434587
