Symbol,dbsym,sector,cik,px_12m,px_ytd,px_q1,eps_ttm,eps_q
MMM,MMM,Industrials,66740,4.304291287386208,0.21865433872680917,-9.27094396201662,-34.469696969696976,-39.70588235294118
AOS,AOS,Industrials,91142,-7.394288244410008,-6.175700934579442,-1.3981308411215032,4.7486033519553175,-10.526315789473681
ABT,ABT,Health Care,1800,-30.047344661797638,-23.939502773454645,-18.121233888024257,-53.636363636363626,-19.73684210526316
ABBV,ABBV,Health Care,1551152,37.25913446351478,13.87699834017646,-5.02315017035031,-13.24786324786325,-45.83333333333333
ACN,ACN,Information Technology,1467373,-43.25467644920351,-36.01878074228648,-26.140259353107766,5.4170249355116145,3.900709219858168
ADBE,ADBE,Information Technology,796343,-43.988269794721404,-37.248235865497236,-30.563094591892114,13.342140026420052,11.11111111111111
AMD,AMD,Information Technology,2488,281.80815065470057,142.40145712684472,-5.268073977209042,122.62773722627738,90.9090909090909
AES,AES,Utilities,874761,69.4934944237918,27.17921896792188,22.820781032078095,2.1857923497267904,871.4285714285716
AFL,AFL,Financials,4977,14.26545660805445,9.652544679306896,-0.4717409053796695,36.08087091757386,3859.9999999999995
A,A,Health Care,1090872,8.353400315535996,-4.129013298067741,-16.229520240981564,21.549636803874105,60.0
APD,APD,Materials,2969,10.020664775314359,27.179238025830998,17.597878456617664,34.356725146198826,
ABNB,ABNB,Consumer Discretionary,1559720,9.999261502104705,9.723756906077341,-6.998158379373853,,
AKAM,AKAM,Information Technology,1086222,42.21635883905013,29.75296612598155,31.690261936149476,-0.671140939597316,-13.414634146341461
ALB,ALB,Materials,915913,115.57057654075544,-4.171380090497745,26.916006787330303,,
ARE,ARE,Real Estate,1035443,-11.790363709569196,7.3937908496731986,-5.187908496732019,-924.9999999999998,
ALGN,ALGN,Health Care,1097149,-5.0458243229327575,18.08170060186962,9.764374439749002,8.181818181818201,23.62204724409449
ALLE,ALLE,Industrials,1579241,-4.76158222703873,-11.713182431796042,-8.784101968417401,2.8089887640449462,-7.017543859649117
LNT,LNT,Utilities,352541,27.134941329856588,19.969242599000392,10.372933487120317,9.655172413793112,4.81927710843374
ALL,ALL,Financials,899051,25.082442290396735,20.292153188217753,-0.36519148527222045,208.7431693989072,338.3886255924171
GOOGL,GOOGL,Communication Services,1652044,104.50506891445492,14.759180542682726,-8.114672888235475,46.3169642857143,81.85053380782918
GOOG,GOOG,Communication Services,1652044,100.48617785064167,13.007456503728253,-8.597285067873306,46.3169642857143,81.85053380782918
MO,MO,Consumer Staples,764180,25.03009458297507,26.048890429958394,14.511095700416089,-19.630872483221477,106.34920634920636
AMZN,AMZN,Consumer Discretionary,1018724,10.11113631208891,5.164197209947141,-9.700199289489642,36.15635179153092,74.84276729559747
AMCR,AMCR,Materials,1748790,,,,-95.13283309673494,-11.764705882352951
AEE,AEE,Utilities,1002910,19.345299854741647,15.186260765071102,10.094131784498295,23.281596452328156,19.62616822429906
AEP,AEP,Utilities,4904,32.75531711055757,20.161290322580648,13.653312521678806,30.50193050193051,6.666666666666672
AXP,AXP,Financials,4962,9.111910446835548,-4.875510259252258,-18.19631802330296,11.871508379888262,17.582417582417587
AIG,AIG,Financials,5272,-7.512229210342425,-7.187938288920059,-12.073398784478728,,21.551724137931036
AMT,AMT,Real Estate,1053507,-26.07833967978267,-5.459516418420529,-1.705920884003076,58.974358974358964,76.92307692307693
AWK,AWK,Utilities,1410636,-4.015148858575579,4.873563218390808,4.283524904214553,2.732240437158493,-4.761904761904765
AMP,AMP,Financials,820027,-9.183256574060328,-0.31290450806723547,-9.41873146270117,36.403806934058494,66.0377358490566
AME,AME,Industrials,1037868,28.175708900180286,14.277363729358461,4.415704612986504,8.346972176759436,14.473684210526313
AMGN,AMGN,Health Care,318154,28.706635462555074,14.241637391171524,7.490453642889872,30.99361896080221,4.37499999999999
APH,APH,Information Technology,820313,67.99137399876773,21.04776351326352,-6.478227089422484,68.93203883495143,24.13793103448276
ADI,ADI,Information Technology,6281,56.91361104182258,39.189438359700546,17.310174429324764,52.75590551181105,110.5263157894737
AON,AON,Financials,315293,0.11485880770956136,1.2795624264924754,-8.507743974153703,57.476231633534994,27.0880361173815
APA,APA,Energy,1841666,70.9081309398099,32.284429914180635,73.55946056395585,53.76344086021505,31.250000000000007
APO,APO,Financials,1858681,-16.272502647370292,-18.093922651933713,-23.066298342541437,-72.25130890052357,-580.8823529411765
AAPL,AAPL,Information Technology,320193,47.23337155963303,13.204011903449796,-6.793048973143767,26.129032258064534,21.818181818181813
AMAT,AMAT,Information Technology,6951,229.8530212302668,135.7559722978757,32.97408761964049,3.921568627450974,33.460076045627375
APP,APP,Information Technology,1751008,144.5111632325871,-1.9641395729484312,-25.98392976713042,110.4882459312839,113.1736526946108
APTV,APTV,Consumer Discretionary,1521332,-17.815771109560373,-22.61138125903536,-8.752792745433036,-72.54901960784312,
ACGL,ACGL,Financials,947484,11.741554608068206,6.551993745113371,0.057336460776657994,33.33333333333333,94.5945945945946
ADM,ADM,Consumer Staples,7084,41.061426866219804,33.579688722719744,26.415094339622613,-21.12676056338027,1.6393442622950833
ARES,ARES,Financials,1176948,-33.14834944790892,-27.709725315515954,-32.516703786191535,,
ANET,ANET,Information Technology,1596532,61.7858226312064,22.092490842490854,-6.272893772893773,22.78481012658228,25.000000000000007
AJG,AJG,Financials,354190,-21.12460103886351,-2.6004636785162405,-16.3176197836167,-4.62962962962964,16.176470588235293
AIZ,AIZ,Financials,1267238,41.357681218068684,15.97841875907864,-9.566300062253575,52.184087363494505,91.16607773851591
T,T,Communication Services,732717,-28.675450762829403,-17.223340040241453,16.559356136820913,82.20858895705524,-11.475409836065566
ATO,ATO,Utilities,731802,15.01333506797633,5.526708445240214,10.229782154580725,12.696148359486456,14.521452145214536
ADSK,ADSK,Information Technology,769397,-33.419988445984984,-29.934477168332883,-19.153607133207238,46.995708154506424,231.42857142857142
ADP,ADP,Industrials,8670,-21.89263259713041,-5.8309037900874605,-21.024295432458707,10.991379310344843,10.457516339869276
AZO,AZO,Consumer Discretionary,866787,-15.002207018318249,-6.85253734865131,-0.48903505537776226,-0.43179058156794947,7.664027149321269
AVB,AVB,Real Estate,915912,-4.62862764387606,6.979695431472077,-9.865371882586626,0.37313432835822313,40.361445783132545
AVY,AVY,Materials,8818,-7.840485718228241,-8.20275990983561,-5.0195172906701835,2.1864211737629193,4.306220095693795
AXON,AXON,Industrials,1069183,2.690966624103064,5.134073982780785,-25.284786168283535,-40.240963855421704,89.81481481481478
BKR,BKR,Energy,1701605,36.395348837209276,15.909090909090896,34.014053579270985,,
BALL,BALL,Materials,9389,9.51187904967603,19.63004907512269,11.532653831634597,70.29702970297026,22.222222222222225
BAC,BAC,Financials,70858,21.839319078264463,6.718792617510694,-11.355577779798153,21.38554216867471,24.719101123595514
BAX,BAX,Health Care,10456,-3.3098441170190007,18.472004186289915,-12.061747776033494,,-112.00000000000001
BDX,BDX,Health Care,10795,11.22446107952948,1.8148796949868595,1.2449121541552755,-28.346456692913392,-203.73831775700936
BRK.B,BRK-B,Financials,1067983,,,,,
BBY,BBY,Consumer Discretionary,764478,10.317011038777245,16.45626353925451,-4.071113767087486,31.70731707317072,37.894736842105274
TECH,TECH,Health Care,842023,36.044948136765264,20.430198945757528,-11.103553817377998,-27.27272727272727,128.57142857142856
BIIB,BIIB,Health Care,875045,66.25384615384615,22.76625958534506,4.067026412950869,-8.102766798418992,31.097560975609756
BLK,BLK,Financials,2012383,-5.6072238619001125,-7.088978875048468,-10.148196929572606,-3.49769249453485,45.850622406639005
BX,BX,Financials,1393818,-19.65442764578833,-20.376195881303715,-25.428895735365664,17.824773413897304,3.7499999999999893
XYZ,XYZ,Financials,1512673,15.438699282261625,21.078506683054222,-7.543401444154252,-68.93203883495144,-273.33333333333337
BNY,BNY,Financials,1390777,,,,31.484502446982066,41.77215189873419
BA,BA,Industrials,12927,7.852716873212584,4.23576561636263,-8.23659480375899,,
BKNG,BKNG,Consumer Discretionary,1075531,,,,10.489649681528663,240.0
BSX,BSX,Health Care,885725,-46.16945107398569,-40.8781127129751,-17.771952817824378,74.45255474452557,100.0
BMY,BMY,Health Care,14272,23.051673019906826,7.701575532900828,12.418906394810003,33.2089552238806,9.166666666666675
AVGO,AVGO,Information Technology,1730168,35.42842097344467,4.190178545591339,-10.579622073675377,210.4395604395604,85.43689320388349
BR,BR,Industrials,1383312,-41.20350511673509,-35.5001344447432,-27.193690060051978,21.07843137254902,15.1219512195122
BRO,BRO,Financials,79282,-35.787058283616346,-12.182263227264178,-18.11962593359694,-14.48467966573815,-7.826086956521728
BF.B,BF-B,Consumer Staples,14693,,,,,
BLDR,BLDR,Industrials,1316835,-33.26110936022692,-17.674215181261545,-19.98250558849257,-66.41025641025641,-151.1904761904762
BG,BG,Consumer Staples,1996862,32.67289719626167,19.508362330227857,42.76013020541025,-51.47625160462132,-76.35135135135135
BXP,BXP,Real Estate,1037540,1.6950396243029076,2.735359525574488,-23.083765752409192,,64.1025641025641
CHRW,CHRW,Industrials,1043277,93.09257375381486,18.118174180901715,3.30128504309406,17.89976133651549,9.909909909909898
CDNS,CDNS,Information Technology,813672,20.568934863423305,19.273448242780855,-11.1413130376387,8.883248730964446,23.0
CPT,CPT,Real Estate,906345,3.819260046025841,6.525292888929246,-11.315956770502222,228.44036697247708,11.111111111111121
COF,COF,Financials,927628,-4.705581633127299,-15.41396807062415,-24.776205602079127,-67.08648194794291,-3.188405797101458
CAH,CAH,Health Care,721371,45.315161839863705,16.201226038727267,2.8023742337258017,,
CCL,CCL,Consumer Discretionary,815097,-2.60125698324023,-8.690671031096564,-15.237315875613755,46.45161290322582,
CARR,CARR,Industrials,1783180,-5.685641232673944,32.6488123403047,6.558152739661205,-75.82938388625593,-40.42553191489361
CVNA,CVNA,Consumer Discretionary,1690820,26.70241366066941,1.6050698886519665,-6.787491115849353,,
CASY,CASY,Consumer Staples,726958,56.11186155321939,44.39223568182229,31.83225596175785,,
CAT,CAT,Industrials,18230,145.9309290174589,68.48437227169546,23.73319364414177,-2.0487804878048865,30.238095238095227
CBOE,CBOE,Financials,1374310,7.527949238140463,-0.7608955461716138,11.779937853557465,53.67454068241471,54.43037974683544
CBRE,CBRE,Real Estate,1138118,-0.01765287388787451,-11.913278795607951,-15.708109116924318,33.944954128440365,98.14814814814815
CDW,CDW,Information Technology,1402057,-7.992436789223801,22.36600587371513,-11.119676945668122,1.734820322180924,7.6923076923077
COR,COR,Health Care,1140859,25.558753809685065,9.781192633386638,-6.999467045656416,39.035087719298225,128.2608695652174
CNC,CNC,Health Care,1071739,19.738700564971733,64.73160068010687,-20.463930046150114,-292.4778761061947,18.250950570342205
CNP,CNP,Utilities,1130310,21.99726402188784,16.271186440677976,12.5554106910039,10.135135135135144,6.66666666666666
CF,CF,Materials,1324404,19.559809647415104,42.98001681433099,67.86522667011576,46.82539682539684,115.13513513513512
CRL,CRL,Health Care,1100682,49.303756476683944,15.545586687384105,-13.513107112425438,,-160.0
SCHW,SCHW,Financials,316709,6.315789473684208,-2.9963483567605476,-5.987694462508131,52.424242424242436,38.383838383838395
CHTR,CHTR,Communication Services,1091667,-45.35440727545173,-12.44352920517856,3.395431253292469,3.1250000000000133,8.907363420427554
CVX,CVX,Energy,93410,16.2899347303332,11.070280202113004,35.737253100597165,-34.4,-44.49999999999999
CMG,CMG,Consumer Discretionary,1058090,-24.040443070582185,-4.442344045368629,-13.583580880367274,-3.53982300884958,-17.85714285714286
CB,CB,Financials,896159,24.746149064032586,15.734495409904369,4.423474373968639,36.17533718689789,78.72340425531914
CHD,CHD,Consumer Staples,313927,0.9832036050798854,17.63302314483417,11.339775709854472,30.472103004291846,2.247191011235957
CIEN,CIEN,Information Technology,936395,424.30408188740483,79.68770053475936,66.08342245989307,200.00000000000006,2383.333333333333
CI,CI,Health Care,1739940,7.519665609858239,4.523151849967277,-3.0511739478083832,31.493868450390185,29.072164948453615
CINF,CINF,Financials,20286,28.514997321906787,17.51201444794759,-3.6762680216719135,90.52287581699349,
CTAS,CTAS,Industrials,723254,-19.149647730313024,-3.5968736707784,-10.096767333049772,,9.734513274336292
CSCO,CSCO,Information Technology,858877,63.08248914616499,46.28415655221654,0.6944895177516619,2.962962962962949,37.096774193548384
C,C,Financials,831001,62.300689975068146,19.926309926738362,-2.88333833169101,,
CFG,CFG,Financials,759944,53.95792669702884,21.527005050072745,2.653428057861862,33.96825396825396,46.753246753246735
CLX,CLX,Consumer Staples,21076,-21.272462360369115,-3.54539594386869,2.771855010660973,57.69230769230768,2.6666666666666687
CME,CME,Financials,1156375,-14.064712931691915,-13.350421091175402,8.128890516294396,17.907444668008022,21.37404580152672
CMS,CMS,Utilities,811156,10.791161796151094,11.155606407322649,10.96252860411897,7.100591715976325,8.910891089108919
KO,KO,Consumer Staples,21344,16.95033482142856,19.877019877019862,8.765908765908748,27.710843373493972,18.181818181818183
CTSH,CTSH,Information Technology,1058290,-47.79338637493784,-49.400566299174656,-26.09795770829568,-2.947368421052644,3.731343283582076
COHR,COHR,Information Technology,820318,380.8591045465036,80.60024920093178,29.56823229860772,,
COIN,COIN,Financials,1679788,-50.634192818436254,-26.526632987680575,-22.60037224142515,-48.872180451127825,-720.8333333333334
CL,CL,Consumer Staples,21665,3.335868738454839,20.341664030370122,7.820310028471988,-26.91218130311614,-5.882352941176463
CMCSA,CMCSA,Communication Services,1166691,-34.599504541701066,-20.5218263923733,-4.064224786753634,25.615763546798032,-32.58426966292135
FIX,FIX,Industrials,1035983,233.56493904776508,86.58864776772315,47.83098168718103,107.92316926770708,121.26315789473682
COP,COP,Energy,1163165,13.850837138508364,11.886318713606503,41.00112185479994,-25.221799746514588,-20.179372197309416
ED,ED,Utilities,1047862,13.079289471072752,14.753272910372605,13.95770392749245,9.611829944547127,12.888888888888891
STZ,STZ,Consumer Staples,16918,-17.453638303627784,-0.4350348027842177,8.755075406032486,,
CEG,CEG,Utilities,1868275,-22.194797180994453,-32.19269197022445,-20.953270498995224,21.285563751317166,1081.578947368421
COO,COO,Health Care,711404,1.8953440461475068,-9.469188529591221,-12.708968883465532,-47.44897959183672,-190.9090909090909
CPRT,CPRT,Industrials,900075,-39.542615353616775,-23.37844739530133,-15.270684371807963,11.888111888111917,2.380952380952383
GLW,GLW,Information Technology,24741,275.85092222856053,125.71656960146171,55.464200068516625,300.0,138.88888888888889
CPAY,CPAY,Financials,1175454,4.038958164244089,17.157718065041472,-3.265367166857769,17.19298245614033,49.11764705882354
CTVA,CTVA,Materials,1755672,14.280005328360224,27.939750950712106,24.86764596226978,4.24242424242426,12.631578947368432
CSGP,CSGP,Real Estate,1057352,-63.39214848281336,-55.410128653231205,-40.031233732431026,-75.0,
COST,COST,Consumer Staples,909832,-3.6779324055665974,10.134069400630906,15.566431619966604,10.550996483001178,15.186915887850455
CRH,CRH,Materials,849395,15.11254019292605,-13.949202788238125,-15.775979488823012,14.437367303609378,
CRWD,CRWD,Information Technology,1535527,57.82534385936353,65.46781006015614,-16.38081829429583,,
CCI,CCI,Real Estate,1051470,-26.18336064783574,-13.840441093732425,-8.518060087768664,,
CSX,CSX,Industrials,277948,45.96774193548387,34.758031159520186,13.19454019026609,-2.976190476190492,26.470588235294105
CMI,CMI,Industrials,26172,100.68563800740247,29.611850226306412,5.354938573975754,-5.172413793103452,-20.973154362416107
CVS,CVS,Health Care,64803,50.524651430214185,31.96395942284669,-9.507907504253044,-45.58472553699285,63.120567375886516
DHR,DHR,Health Care,313616,-1.591406405410789,-13.55554584771308,-17.185793543313967,0.3875968992247979,9.84848484848484
DRI,DRI,Consumer Discretionary,940944,-6.941659070191442,10.931812007606624,6.519967400163007,,-3.2846715328467257
DDOG,DDOG,Information Technology,1561550,96.61478011183316,91.31649571706922,-13.084077791257675,-17.021276595744684,114.28571428571426
DVA,DVA,Health Care,927066,59.975470155355694,106.63615560640731,35.3238866396761,6.250000000000008,43.50000000000001
DECK,DECK,Consumer Discretionary,910521,-0.7163867539614732,0.960054033191815,-3.4156696256271823,,
DE,DE,Industrials,315189,21.51094143576826,32.60103938495897,20.963793325602364,-22.41887905604721,-1.355421686746986
DELL,DELL,Information Technology,1571996,223.61590274355186,212.97267238639978,30.354305687956785,96.70846394984326,282.4817518248175
DAL,DAL,Industrials,27904,89.3265306122449,33.65509292609134,-4.185275896844843,21.453900709219837,-218.91891891891896
DVN,DVN,Energy,1090012,23.988970588235283,10.483210483210481,37.29183729183727,-18.223234624145785,-75.32467532467533
DXCM,DXCM,Health Care,1093557,-14.742132344142632,7.336547152756867,-5.393190720096408,75.18796992481202,88.88888888888889
FANG,FANG,Energy,1539838,22.73148808674559,14.460115760761095,31.588051360521586,-93.90547263681592,-98.34368530020704
DLR,DLR,Real Estate,1297996,1.2437956204379486,12.042392322853711,16.449642961000354,255.66037735849054,70.37037037037037
DG,DG,Consumer Staples,29534,2.42781583282754,-11.033288145805098,-10.58894411809007,34.92366412213739,12.359550561797752
DLTR,DLTR,Consumer Staples,935703,22.380999310140925,0.9593495934959506,-10.959349593495936,,9.316770186335397
D,D,Utilities,715957,20.980052038161332,19.02892738288251,5.503882583838204,27.65151515151515,-10.389610389610398
DPZ,DPZ,Consumer Discretionary,1286681,-31.946826289746475,-25.23460938437537,-13.886955478219122,-0.4013761467889924,-4.6189376443418055
DASH,DASH,Consumer Discretionary,1792789,0.8758112280259578,-15.178807947019868,-33.71523178807947,167.0886075949367,-4.545454545454549
DOV,DOV,Industrials,29905,14.777610657498919,9.467698140273573,6.834366514678014,-51.686746987951814,4.790419161676651
DOW,DOW,Materials,1751788,24.50557353469973,18.451999144750907,78.10562326277525,-1099.9999999999998,
DHI,DHI,Consumer Discretionary,882184,18.461538461538463,10.12983406234813,-4.74901062278692,-16.194029850746265,-13.178294573643404
DTE,DTE,Utilities,936340,16.28591926896499,19.392106691478638,13.375203535705982,-17.837837837837842,-44.39252336448599
DUK,DUK,Utilities,1326160,8.991504752292045,10.5537070215852,11.72254927054006,8.126036484245445,11.93181818181818
DD,DD,Materials,1666700,,,,,
ETN,ETN,Industrials,1551182,12.247599200202774,25.138928134124505,12.706037487049082,3.1281533804238015,-9.387755102040815
EBAY,EBAY,Consumer Discretionary,1065088,50.91004665221104,31.842709529276704,4.512055109070046,6.521739130434795,6.666666666666672
ECHO,ECHO,Communication Services,1415404,,,,,
ECL,ECL,Materials,31462,3.9212090088768248,7.865981343993922,1.2450028555111459,0.5442176870748304,7.801418439716319
EIX,EIX,Utilities,827052,43.026004728132385,25.989171178675562,21.949187838400675,30.311614730878166,-63.17204301075269
EW,EW,Health Care,1099800,22.253886010362688,10.735656458993304,-6.042473307520835,-73.14285714285714,8.196721311475418
EA,EA,Communication Services,712515,28.998993963782695,0.39146604032098686,-0.24955960070465188,,
ELV,ELV,Health Care,1156039,5.475264035575322,19.104682016605313,-16.454107107192794,-8.171206225680926,-16.75338189386056
EME,EME,Industrials,105634,45.76882170790704,26.615652515144816,20.800529762342723,31.667403803626716,30.038022813688215
EMR,EMR,Industrials,32604,2.594287401284223,4.727642582686653,-1.2506592330294608,,
ETR,ETR,Utilities,65984,39.54418717420294,24.52401557767201,21.54911293812203,26.86084142394824,1.2195121951219523
EOG,EOG,Energy,821189,7.923407065037957,24.54519478045527,37.69882845985333,-5.833333333333356,39.622641509433976
EQT,EQT,Energy,33213,-5.581478822684849,-1.8561701333830727,18.673631191120243,749.9999999999999,489.99999999999994
EFX,EFX,Industrials,33185,-34.83654683889541,-20.729459471913735,-17.040689369153494,15.91836734693876,33.96226415094338
EQIX,EQIX,Real Estate,1101239,25.865319357514526,30.73719664234149,27.974830615788292,51.09717868338558,20.000000000000004
EQR,EQR,Real Estate,906107,3.814126394052031,10.738361487826143,-6.1464033626774555,-4.19847328244276,-64.17910447761194
ERIE,ERIE,Financials,922621,-26.353606066199966,-9.531119173876634,-12.346497348590557,,
ESS,ESS,Real Estate,920522,4.711251535896066,13.960952126236936,-7.530661368585944,-14.92822966507176,-47.784810126582286
EL,EL,Consumer Staples,1001250,22.8567234292425,-0.09311431572915918,-14.328860662782928,-649.1803278688524,-45.45454545454546
EG,EG,Financials,1095073,8.979945131522982,9.421399952863553,-3.684008955927409,147.90509843513374,230.81632653061223
EVRG,EVRG,Utilities,1711269,26.90757270371438,21.611367869214337,13.002690211767941,-1.0526315789473577,18.518518518518512
ES,ES,Utilities,72741,15.339324449953494,10.51068883610451,2.835510688836096,104.82456140350875,7.33333333333334
EXC,EXC,Utilities,1109357,10.248733302625501,9.793577981651369,12.431192660550462,,0.0
EXE,EXE,Energy,895126,-18.409928950445188,-17.79257849666984,-0.5301073807258416,,
EXPE,EXPE,Consumer Discretionary,1324424,54.4394000344808,-5.176246427437292,-18.510285452171782,35.08353221957042,
EXPD,EXPD,Industrials,746515,41.91662430096594,12.379227053140118,-3.898282340311332,2.8239202657807447,16.3265306122449
EXR,EXR,Real Estate,1289490,-0.8104696738191697,14.642199017199008,0.7063882063881977,3.4883720930232225,-10.937500000000009
XOM,XOM,Energy,34088,25.260845689181764,13.737222637746216,40.85431729410789,-21.22015915119362,-43.18181818181818
FFIV,FFIV,Information Technology,1048695,37.903770779835114,59.92320050154773,13.404647153324722,18.64406779661016,4.032258064516133
FDS,FDS,Financials,1013237,-44.42494000533286,-13.823519277814144,-25.17486131688661,9.70042796005707,-4.521276595744679
FICO,FICO,Information Technology,814547,-31.009675422688908,-24.75973922157283,-36.772482072963484,42.09323583180988,69.04400606980275
FAST,FAST,Industrials,815556,13.29446064139943,21.013951170901855,15.645241654210263,52.70270270270272,15.384615384615378
FRT,FRT,Real Estate,34903,29.18479991508334,20.73908730158731,5.386904761904776,65.80459770114943,151.3888888888889
FDX,FDX,Industrials,1048911,66.96003755147326,35.469323454054425,23.37442005401289,,17.2872340425532
FDXF,FDXF,Industrials,2082247,,,,,
FIS,FIS,Financials,1136893,-49.27773731488225,-37.12286509668197,-29.380783989165604,235.0649350649351,2953.333333333333
FITB,FITB,Financials,35527,34.58549222797929,22.104700854700866,-0.7692307692307665,-5.714285714285733,-78.87323943661971
FSLR,FSLR,Information Technology,1274494,37.45936330736674,-14.22009569377991,-24.478468899521523,31.52081563296519,65.12820512820514
FE,FE,Utilities,1031296,20.103986135181962,8.353808353808345,13.17846772392226,-2.1276595744680753,12.903225806451607
FISV,FISV,Financials,798354,,,,4.424778761061963,-29.13907284768212
FLEX,FLEX,Information Technology,866374,182.3292758407262,126.5083174708268,8.400231730530482,,
F,F,Consumer Discretionary,37996,18.201948627103647,1.5987818804720222,-12.29539398553483,-224.00000000000003,425.0
FTNT,FTNT,Information Technology,1262039,103.33886556672849,96.71326029467325,2.9215464047349204,6.172839506172855,28.57142857142855
FTV,FTV,Industrials,1659166,17.880670054583092,13.429321742280177,0.11772163361405408,-26.754385964912274,-12.0
FOXA,FOXA,Communication Services,1754301,26.116669644452383,-3.437072503419969,-20.11627906976743,83.06451612903226,-49.333333333333336
FOX,FOX,Communication Services,1754301,-2.034883720930236,-22.146927460341914,-18.219621130448182,83.06451612903226,-49.333333333333336
BEN,BEN,Financials,38777,40.09860312243221,42.67782426778244,-1.1297071129707126,29.545454545454557,88.46153846153845
FCX,FCX,Materials,831259,73.01033151680289,20.03741630563214,15.852697912564008,,154.16666666666669
GRMN,GRMN,Consumer Discretionary,1121788,13.64432867629648,18.355569804434136,14.5034402821278,18.050065876152846,21.511627906976738
IT,IT,Information Technology,749251,-44.13081445403784,-32.45420119750981,-21.537332963241994,-36.9077306733167,17.343173431734325
GE,GE,Industrials,40545,51.519043223502045,22.558026294432732,-7.889952929719202,26.479750778816218,-1.0928961748633887
GEHC,GEHC,Health Care,1932393,-13.653719552337073,-20.03414217778321,-13.242287525911479,-12.394957983193274,-30.89430894308943
GEV,GEV,Industrials,1996810,120.00948597853798,70.41759789364113,33.655818510240955,391.66666666666663,1816.4835164835165
GEN,GEN,Information Technology,849399,-10.550150956055015,-1.930856932695857,-30.820154468554627,,
GNRC,GNRC,Industrials,1474735,72.31199290925207,85.39465962441315,43.254841549295776,-44.153577661431065,69.86301369863014
GD,GD,Industrials,40533,26.886103468188473,10.974450386215096,1.9637551990492996,,
GIS,GIS,Consumer Staples,40704,-29.366422259823267,-19.22167275854655,-19.941947968178887,-117.77777777777779,-50.0
GM,GM,Consumer Discretionary,1467858,45.98076923076921,-6.669945288006396,-8.40351632138685,-61.731843575418985,-15.820895522388067
GPC,GPC,Consumer Discretionary,40987,5.856538737732375,7.905652704351351,-13.997559983733233,-92.77504105090311,-2.142857142857129
GILD,GILD,Health Care,882095,17.47225205871823,6.903433388995239,13.509550767726953,54.41176470588237,54.807692307692314
GPN,GPN,Financials,1123360,-4.11075872163943,1.5239571225623028,-13.056954668733066,-133.17152103559872,-631.4516129032259
GL,GL,Financials,320335,44.59351221465759,29.057048899056337,-0.47183299971403914,17.671009771986988,12.624584717607986
GDDY,GDDY,Information Technology,1609711,-50.40367795469838,-28.707285622179246,-33.389748549323016,,5.960264900662257
GS,GS,Financials,886982,44.4942182214485,16.149382786279066,-3.8637010068832134,27.089136490250702,24.291784702549588
HAL,HAL,Energy,45012,55.37735849056604,16.58113608210936,38.01097150946735,,129.16666666666669
HIG,HIG,Financials,874766,8.863259341180196,0.014514841425361524,-1.865157123158423,41.67497507477569,41.39534883720931
HAS,HAS,Consumer Discretionary,46080,4.1433952461358725,-2.201622247972179,14.167225712020493,-153.13531353135315,98.57142857142857
HCA,HCA,Health Care,860730,5.315900225826309,-12.10781059259418,1.2892724819566048,28.90763765541741,10.852713178294577
DOC,DOC,Real Estate,765880,22.31543624161074,36.00746268656718,2.2388059701492713,-21.951219512195102,366.66666666666674
HSIC,HSIC,Health Care,1000228,16.084854994629417,14.365079365079358,-2.5396825396825196,3.1152647975077907,4.545454545454549
HSY,HSY,Consumer Staples,47111,3.5712254762581663,0.043943971436410934,14.15545179895632,,
HPE,HPE,Information Technology,1645590,,,,40.22988505747126,
HLT,HLT,Consumer Discretionary,1585689,25.795053003533553,17.720769953705307,5.814682028612195,3.475513428120073,34.95934959349593
HD,HD,Consumer Discretionary,354950,-4.110727014497417,3.9870971491674068,-4.46950103164686,-4.412763068567539,-4.347826086956532
HONA,HONA,Industrials,2089271,,,,,
HON,HON,Industrials,773840,-3.685534591194961,17.75169161369694,15.806335862210364,-26.091954022988507,-41.891891891891895
HRL,HRL,Consumer Staples,48465,-18.54024112088628,5.507491031863254,-4.368010128719135,-43.150684931506845,-12.121212121212132
HST,HST,Real Estate,1070750,47.22572509457756,31.772009029345384,8.12641083521446,53.12500000000002,105.71428571428572
HWM,HWM,Industrials,4281,53.42978723404257,31.873597971325474,12.303715985565189,40.8496732026144,71.42857142857143
HPQ,HPQ,Information Technology,47217,-14.039215686274497,-1.6157989228007152,-13.779174147217233,3.8167938931297574,16.666666666666668
HUBB,HUBB,Industrials,48898,18.574280080815942,9.645144226981639,10.48360775663173,13.633310946944267,12.541254125412554
HUM,HUM,Health Care,49071,95.17144440924928,92.42104852246551,-15.32966389506969,-33.874382498235725,-4.563106796116511
HBAN,HBAN,Financials,49196,4.045401629802092,3.1448355452971866,-9.751875360646267,-1.7080354225002408e-14,-26.470588235294123
HII,HII,Industrials,1501585,18.375842742263004,-14.278781818449193,11.675955472552669,10.878962536023067,0.0
IBM,IBM,Information Technology,51143,-0.9838092131243092,-2.6469495931665366,-18.10324453897836,94.33962264150944,14.285714285714276
IEX,IEX,Industrials,832101,24.23838854669551,25.80210147777715,6.534809237511929,7.30158730158733,27.777777777777786
IDXX,IDXX,Health Care,874716,2.981364172068357,-17.35191534641759,-16.97061953180422,25.60073937153421,17.229729729729737
ITW,ITW,Industrials,49826,6.880266509896127,10.720665854648793,5.680064961429165,-5.193661971830985,11.764705882352953
INCY,INCY,Health Care,879169,69.91999999999999,18.25083510476768,-4.722137868205289,3439.999999999999,83.74999999999999
IR,IR,Industrials,1699150,-5.451987337319741,1.7924766473112808,1.1234536733148115,-26.732673267326735,6.521739130434775
PODD,PODD,Health Care,1145197,-45.13740661686232,-42.11415300161869,-26.145400802308394,-22.88288288288289,160.0
INTC,INTC,Information Technology,50863,426.86240140227875,225.73828230831757,19.561094554321336,,
IBKR,IBKR,Financials,1381197,62.151606603941076,42.0087064676617,4.259950248756228,288.3333333333334,22.916666666666664
ICE,ICE,Financials,1571949,-26.877165960723904,-17.924178809582614,-2.8710792788342876,42.236024844720475,79.71014492753625
IFF,IFF,Materials,51253,11.536413260551193,24.313696394123774,7.6717613889301095,,
IP,IP,Materials,51434,-21.60768452982811,-1.5991877141769306,-9.404746795278607,-664.102564102564,
INTU,INTU,Information Technology,896878,-64.48318547555189,-58.42948451896738,-34.74950383724354,22.52701579384872,10.678642714570861
ISRG,ISRG,Health Care,1035267,-20.801264175497302,-24.790353618275862,-18.623660469960978,20.497803806735,18.749999999999993
IVZ,IVZ,Financials,914208,67.0068027210884,2.7587519025875196,-7.534246575342463,-217.59999999999997,34.21052631578947
INVH,INVH,Real Estate,1687229,-6.922842329978652,9.784172661870505,-10.593525179856112,21.794871794871785,-3.703703703703707
IQV,IQV,Health Care,1478242,27.420346906138505,-8.075967341143064,-24.361022364217256,9.822646657571608,15.000000000000014
IRM,IRM,Real Estate,1020569,17.2370659461623,41.29530241813906,23.162274618585286,124.39024390243902,860.0
JBHT,JBHT,Industrials,728535,89.0804407531187,46.98906752411573,8.964630225080384,16.878402903811264,27.35042735042736
JBL,JBL,Information Technology,898293,57.94686661112654,49.7148372378696,16.513117487057993,41.05691056910568,96.22641509433963
JKHY,JKHY,Financials,779152,-19.26182237600922,-19.434396580072345,-13.372794037049218,15.647482014388489,12.499999999999996
J,J,Industrials,52988,-3.5851617281158044,-3.454133635334078,-3.907134767836906,-61.1764705882353,-666.6666666666667
JNJ,JNJ,Health Care,200406,68.54429973696028,26.90691270953094,18.08608279793247,-4.004449388209134,-52.863436123348016
JCI,JCI,Industrials,833444,34.51505016722409,17.597427008061484,9.377218996700233,45.47945205479452,38.88888888888889
JPM,JPM,Financials,19617,15.131057761857193,3.6561540608428533,-8.776010171488824,2.5024533856722355,17.15976331360947
KVUE,KVUE,Consumer Staples,1944048,-5.44152744630072,14.674384949348763,-0.20260492040521383,49.99999999999998,47.058823529411754
KDP,KDP,Consumer Staples,1418135,-0.8189398451459162,18.861527480371155,-6.102783725910066,22.727272727272705,-47.368421052631575
KEY,KEY,Financials,91576,28.575418994413425,11.506782945736438,-2.8585271317829397,,33.33333333333333
KEYS,KEYS,Information Technology,1601046,90.86900997324253,54.44592067709873,39.021749827772844,27.10280373831774,35.570469798657726
KMB,KMB,Consumer Staples,55785,-12.88362199939227,13.645823010603507,-4.390050540085221,-13.215258855585828,17.647058823529417
KIM,KIM,Real Estate,879101,19.490325625294936,24.913665515540217,10.853478046373954,,
KMI,KMI,Energy,1506307,13.201553123896947,16.68182645079135,21.921047844278686,28.44827586206897,37.5
KKR,KKR,Financials,1404912,-29.143698557728616,-26.386600768808353,-27.347611202635914,,
KLAC,KLAC,Information Technology,319201,,,,30.48729695960015,11.76470588235293
KHC,KHC,Consumer Staples,1637459,-4.624060150375941,4.640131985976481,-7.259228706949894,-321.4611872146119,13.559322033898319
KR,KR,Consumer Staples,56873,-18.349460103772262,-6.825092014722356,15.786525844135069,,
LHX,LHX,Industrials,202058,19.687599111956857,2.8129682604549844,17.552104617899467,9.2526690391459,33.33333333333334
LH,LH,Health Care,920148,8.566833790559091,14.36344068877553,6.343670280612246,30.219146482122273,32.936507936507944
LRCX,LRCX,Information Technology,707549,263.7227559136453,105.76170163033952,25.156313913399188,,40.776699029126206
LVS,LVS,Consumer Discretionary,1300514,-0.85443037974684,-27.816603947469474,-17.264419015436605,51.39664804469275,73.46938775510205
LDOS,LDOS,Industrials,1336920,-32.412122717674826,-39.672949002217294,-13.791574279379159,10.181451612903242,-7.581227436823103
LEN,LEN,Consumer Discretionary,920760,-23.656193196572318,-14.177289092147504,-15.505497713340477,,-52.551020408163254
LII,LII,Industrials,1069202,-4.796980174040854,17.38937916404939,-4.363048470307174,-1.358457493426813,-7.713498622589526
LLY,LLY,Health Care,59478,56.03700411013619,12.633811069465484,-14.53297495372997,129.04800650935718,169.93464052287578
LIN,LIN,Materials,1707925,14.680900148906261,28.238742964352713,16.2406191369606,9.43396226415095,13.390313390313397
LYV,LYV,Communication Services,1335258,24.44474087907691,30.933333333333344,7.073684210526321,-159.3959731543624,
LMT,LMT,Industrials,936468,17.188003177397547,12.837209302325592,24.924031007751957,-10.991379310344831,-11.538461538461537
L,L,Financials,60086,26.281009641425612,10.692241952331205,1.3578957363972854,28.85245901639342,-6.321839080459776
LOW,LOW,Consumer Discretionary,60667,-0.581649610775814,-5.748460788988153,-2.0232591886233164,-2.1505376344086002,-0.6849315068493157
LULU,LULU,Consumer Discretionary,1397187,-51.698959820518056,-42.99812256294228,-27.165070042844064,-15.98639455782314,-35.0
LITE,LITE,Information Technology,1633978,693.9102388891924,96.89533622559652,91.90075921908894,,
LYB,LYB,Materials,1489393,-12.83077425677882,23.244803695150118,86.08545034642034,-176.9230769230769,-29.629629629629633
MTB,MTB,Financials,36270,20.95696202531645,18.638259833134676,2.684247119586791,19.210174029451117,24.397590361445786
MPC,MPC,Energy,1510295,56.666274417509975,63.7476169977246,50.18756534038496,109.22865013774108,
MAR,MAR,Consumer Discretionary,1048286,34.05479255051414,20.124357673287285,5.35285684369915,8.646188850966984,1.673640167364018
MRSH,MRSH,Financials,62709,,,,-1.840490797545995,-15.412186379928322
MLM,MLM,Materials,916076,7.502735278819084,-3.7296411706126187,-5.424202512126975,140.42431192660558,1218.9473684210527
MRVL,MRVL,Information Technology,1835632,224.5129550672352,191.0631287874331,16.47937871389069,,-80.0
MAS,MAS,Industrials,62996,23.326874347890868,30.422446406052963,-4.815573770491799,10.382513661202182,20.689655172413797
MA,MA,Financials,1141391,-4.491606459838504,-5.546994028334751,-12.4932140167767,21.17812061711081,21.169916434540383
MKC,MKC,Consumer Staples,63754,-30.746810026556116,-21.509323153721915,-25.987373366612832,110.34482758620689,528.3333333333334
MCD,MCD,Consumer Discretionary,63908,-5.767097966728285,-8.274858105566196,1.6814694865629587,7.060900264783751,6.923076923076913
MCK,MCK,Health Care,927653,8.1010482900842,-4.108586690081594,5.504945182258325,,
MDT,MDT,Health Care,1613103,-6.271129141311693,-13.43151540383014,-9.825145711906746,,
MRK,MRK,Health Care,310158,58.305830583058295,23.008975637555196,14.251792753003766,-48.40116279069767,-185.57213930348257
META,META,Communication Services,1326801,-18.965709351235414,-11.809555569029296,-13.14648638816468,7.505863956215801,62.363919129082426
MET,MET,Financials,1099219,11.026147015293542,14.00709219858156,-10.422998986828757,-15.522875816993468,35.93749999999999
MTD,MTD,Health Care,1037646,8.667630105812197,-6.1608859052700975,-11.289697908597995,6.292134831460665,6.658130601792579
MGM,MGM,Consumer Discretionary,789570,27.73861171366594,29.139254385964918,1.4528508771929793,-67.41071428571429,-5.8823529411764754
MCHP,MCHP,Information Technology,827054,18.08035714285714,32.862412683462836,1.436307982105034,,
MU,MU,Information Technology,723125,705.3590656837571,240.01608616589732,17.771716323961396,1203.571428571429,756.0283687943263
MSFT,MSFT,Information Technology,789019,-20.569742598433205,-19.285404131257366,-23.147860968095447,17.28896103896103,23.410404624277444
MAA,MAA,Real Estate,912595,-4.545759752904055,2.295459451680215,-12.096135856659718,-31.392931392931406,-31.16883116883117
MRNA,MRNA,Health Care,1682852,177.66346992153444,169.98982706002036,72.32960325534081,,
TAP,TAP,Consumer Staples,24545,-18.967097891412855,-14.792202227934881,-7.733504712939155,,
MDLZ,MDLZ,Consumer Staples,1103982,-11.718636693255991,13.162297824874504,7.157464212678932,-24.90706319702602,41.935483870967744
MPWR,MPWR,Information Technology,1280452,72.84536497084252,42.07055375274782,20.42400568573115,-58.32338902147972,39.5017793594306
MNST,MNST,Consumer Staples,865752,53.63550519357885,27.29999347982004,-5.535632783464828,,
MCO,MCO,Financials,1059556,-2.39557311623555,-4.02419212777202,-14.551486563191174,20.48401037165083,7.803468208092486
MS,MS,Financials,895421,51.65886856656743,20.517153963157007,-7.295363641484975,29.425556858147733,31.923076923076927
MOS,MOS,Materials,1285785,-42.647458548518614,-12.37541528239201,5.897009966777422,-87.93103448275863,-208.0
MSI,MSI,Information Technology,68505,-0.6699419383653482,10.202378468600038,13.172856248696018,3.4195162635529615,-13.833992094861646
MSCI,MSCI,Financials,1408198,3.752364574376621,5.1620606409217284,-6.049276195954379,20.42640990371391,49.05660377358491
NDAQ,NDAQ,Financials,1120193,-4.806070826306918,-12.827508107273388,-12.595871724918927,50.2262443438914,33.8235294117647
NTAP,NTAP,Information Technology,1002047,44.446527322148285,43.87340708584233,-4.415814778509075,,
NFLX,NFLX,Communication Services,1065280,-40.00974319716055,-17.05335186571154,2.6943226772158546,,86.36363636363636
NEM,NEM,Materials,1164727,64.96685364609893,-2.813939515321451,8.421790506709392,73.25842696629212,78.57142857142858
NWSA,NWSA,Communication Services,1564708,-10.427177934746057,1.972046716446485,-4.575914225540867,247.45762711864398,-11.111111111111107
NWS,NWS,Communication Services,1564708,-12.351060738157503,1.823092505064139,-3.7643484132343086,247.45762711864398,-11.111111111111107
NEE,NEE,Utilities,753308,20.900629619490818,10.034257240734966,15.727187791965115,47.565543071161045,160.0
NKE,NKE,Consumer Discretionary,320187,-39.94004224296518,-30.91692789968651,-20.10971786833856,,-35.18518518518519
NI,NI,Utilities,1111711,19.281168101834535,14.412257601149147,11.6949964089059,8.648648648648633,6.000000000000005
NDSN,NDSN,Industrials,72331,31.739623497391722,20.81201381089064,10.65144140771248,7.471980074719797,6.091370558375629
NSC,NSC,Industrials,702165,22.887297111940864,11.73739823315434,-0.5196604884808553,-18.976109215017072,-26.586102719033228
NTRS,NTRS,Financials,73124,37.96766382879011,29.31185944363104,2.1815519765739477,-10.830999066293169,42.631578947368425
NOC,NOC,Industrials,1133421,8.863248202724705,-3.8610275612301237,19.654147338144657,25.887924230465664,84.93975903614458
NCLH,NCLH,Consumer Discretionary,1513761,-5.949547834364588,-11.548791405550574,-16.338406445837062,-29.545454545454536,
NRG,NRG,Utilities,1013871,-12.289481281878544,-14.15384615384615,-8.219780219780226,-85.37360890302067,-85.59556786703601
NUE,NUE,Materials,73309,64.58768267223383,35.3267533104463,3.6782736635605717,77.77777777777776,382.08955223880594
NVDA,NVDA,Information Technology,1045810,27.14686867367595,4.435981333476358,-6.447460172718989,110.64516129032265,214.47368421052633
NVR,NVR,Consumer Discretionary,906163,-12.054305999391934,-7.591738968289674,-9.772921716811645,-15.590278493537538,-28.54581883370241
NXPI,NXPI,Information Technology,1413447,23.710873891803864,26.080442549268177,-9.222081364526924,13.943355119825721,130.72916666666666
ORLY,ORLY,Consumer Discretionary,898173,-0.2653399668325118,-1.1072133304100062,1.1675071256303404,,16.129032258064512
OXY,OXY,Energy,797468,14.06906206252916,18.895914396887157,56.6877431906615,61.382113821138205,306.49350649350646
ODFL,ODFL,Industrials,878927,29.305943121771637,38.93212554223015,24.61724929829039,-10.131332082551596,-4.201680672268911
OMC,OMC,Communication Services,29989,6.523506299959347,-2.6074569552830495,-6.701350179611065,-105.05464480874318,-6.896551724137923
ON,ON,Information Technology,1097864,112.78332245126386,110.66118755194383,14.359589989842082,-5.555555555555561,
OKE,OKE,Energy,1039684,8.458878735490227,19.472216554444664,22.954499081820035,9.570312499999986,18.269230769230763
ORCL,ORCL,Information Technology,1341439,-35.935003879684146,-27.7277174192884,-24.26754544050255,34.81152993348116,24.509803921568626
OTIS,OTIS,Industrials,1781335,-27.230187176423726,-16.329918150077273,-11.762349035544627,-1.5706806282722525,42.622950819672134
PCAR,PCAR,Industrials,75362,21.700610997963345,9.166476364466792,5.50353962091803,-28.679817905918075,19.791666666666664
PKG,PKG,Materials,75677,17.501109850540143,15.50695825049704,2.8948261649614615,-13.912133891213374,-15.486725663716811
PLTR,PLTR,Information Technology,1321655,-1.5784657617813003,-27.264018033248803,-17.480980557903624,286.9565217391305,325.0
PANW,PANW,Information Technology,1327567,75.19991902014374,87.91596547418708,-12.838608110308892,-72.09944751381217,-159.45945945945945
PSKY,PSKY,Communication Services,2041610,,,,,-31.818181818181824
PH,PH,Industrials,76334,36.91872449922522,9.562704768838737,1.8440571532581052,13.361522198731485,-4.206241519674362
PAYX,PAYX,Industrials,723531,-27.87463537073469,-5.265971665330138,-17.958656330749356,,9.090909090909099
PYPL,PYPL,Financials,1633917,-24.52861505776126,-2.742128678986999,-3.4265913757700273,19.775280898876403,-6.201550387596905
PNR,PNR,Industrials,77360,-26.950354609929082,-26.287223823246876,-16.31123919308356,5.426356589147273,12.903225806451612
PEP,PEP,Consumer Staples,77476,6.57204110297922,0.4389326273252836,8.179474674284126,-6.323529411764714,27.819548872180437
PFE,PFE,Health Care,78003,-2.954091816367277,-2.369477911646589,12.771084337349393,-5.072463768115931,-9.615384615384624
PCG,PCG,Utilities,1004980,20.750708215297454,5.966438781852079,9.136109384710988,18.348623853211027,39.28571428571428
PM,PM,Consumer Staples,1413329,2.649733900261886,13.599252103459026,3.060143346837041,46.09053497942388,-9.302325581395344
PSX,PSX,Energy,1534701,43.2422556940441,36.68836200216954,41.190144119014406,127.92792792792788,-56.77966101694915
PNW,PNW,Utilities,764622,20.473568281938338,23.35363103292738,13.616373477672528,6.138613861386131,
PNC,PNC,Financials,713676,29.545926849542802,19.477719214183043,-0.3210349784379396,21.625441696113075,17.663817663817667
PPG,PPG,Materials,79879,7.627555402851738,22.321472153072676,4.388148582027629,49.4669509594883,4.2944785276073665
PPL,PPL,Utilities,922224,8.551663232263774,5.206847360912992,8.987161198288174,,
PFG,PFG,Financials,1126328,37.215346534653484,25.702947845804978,2.182539682539675,49.25053533190581,819.047619047619
PG,PG,Consumer Staples,80424,-6.082128900192297,5.626482489186557,0.746476908050786,9.271523178807941,5.844155844155835
PGR,PGR,Financials,80661,-12.173435992508663,1.9052636200008743,-12.979059660213355,32.56911665542817,9.839816933638437
PLD,PLD,Real Estate,1045609,30.780414595253735,9.215885947046853,3.540654864483783,-0.748129675810458,66.66666666666667
PRU,PRU,Financials,1137774,3.6228560946528487,0.08858965272857677,-13.465627214741305,53.15457413249213,-14.285714285714288
PEG,PEG,Utilities,788784,-1.5445879087727765,1.5938239322624836,0.7969119661312529,23.497267759562828,25.423728813559325
PTC,PTC,Information Technology,857005,-28.043000809155018,-28.55093256814921,-18.192252510760397,175.85227272727278,268.8888888888889
PSA,PSA,Real Estate,1393311,10.569214772079283,27.03869277015569,4.403036842916586,-3.968253968253989,32.843137254901954
PHM,PHM,Consumer Discretionary,822416,21.628012733060476,14.079761143100878,0.3454894433781108,-26.977401129943505,-30.350194552529175
PWR,PWR,Industrials,1050915,79.53843260524974,58.409880172097026,30.189283047492623,17.58064516129032,51.041666666666664
QCOM,QCOM,Information Technology,804328,10.783514208644384,3.2386297205658776,-24.76324096808138,-0.6362672322375451,173.015873015873
DGX,DGX,Health Care,1022079,20.281124497991954,24.331180811808117,12.990083025830268,14.412136536030348,15.46391752577321
Q,Q,Information Technology,2058873,,,,,-21.739130434782613
RL,RL,Consumer Discretionary,1037038,46.293881000055116,12.59755683746182,-2.737246917769487,,
RJF,RJF,Financials,720005,5.193041453792935,1.3016130036744178,-9.827489568412528,8.333333333333375,15.254237288135608
RTX,RTX,Industrials,101829,38.053956585061385,8.55351056578051,5.2869802317655035,56.30498533724344,32.456140350877206
O,O,Real Estate,726728,10.413423283168989,13.193828693030675,8.724951232488042,10.909090909090898,17.85714285714285
REG,REG,Real Estate,910606,13.876775917850615,17.300586828950216,9.635586466710144,,
REGN,REGN,Health Care,872589,22.286814460353654,-15.242401471769485,0.08550773456326155,4.117946110828648,-7.152682255845937
RF,RF,Financials,1281761,25.299958626396357,11.711545555145708,-3.651789007746209,16.42512077294683,21.56862745098039
RSG,RSG,Industrials,1060391,-11.165167620605065,2.558172464246944,3.3794307830273373,5.128205128205112,7.594936708860751
RMD,RMD,Health Care,943819,-18.213393693412428,-13.009007513179194,-6.817898800381883,32.74456521739131,10.483870967741945
RVTY,RVTY,Health Care,31791,14.91919191919191,17.603886706636352,-9.375646061608434,-11.11111111111114,2.85714285714286
HOOD,HOOD,Financials,1783879,21.773142112125154,-0.4883246026813448,-38.41782828731244,17.71428571428569,2.7027027027027053
ROK,ROK,Industrials,1024478,39.33075400927375,21.293772818429566,-7.745410603177872,4.395604395604389,39.639639639639626
ROL,ROL,Industrials,84839,-23.4375,-27.725,-10.983333333333334,10.101010101010111,0.0
ROP,ROP,Information Technology,882835,-36.37046351601524,-18.16303151463421,-20.526067521732294,15.42898341744772,59.150326797385624
ROST,ROST,Consumer Discretionary,745732,64.14833051238655,18.421490814231014,20.192040850308057,13.112164296998422,37.41496598639456
RCL,RCL,Consumer Discretionary,884887,-5.933870660658746,6.330930090749298,-1.2841206642993042,33.36045565500408,28.888888888888882
SPGI,SPGI,Financials,64040,-16.90603976113084,-15.882307927762485,-18.637128864401596,24.19481539670072,32.4858757062147
CRM,CRM,Information Technology,1108524,-39.03129712037071,-37.429703717682585,-29.567842989243243,35.05477308294207,52.201257861635206
SNDK,SNDK,Information Technology,2023554,,,,,
SBAC,SBAC,Real Estate,1034054,-22.642418655324846,-4.628816448829875,-11.083845637237166,25.66137566137565,-14.70588235294118
SLB,SLB,Energy,87347,28.214234976559172,17.604899661193652,33.95882199635132,-23.05084745762712,-13.793103448275856
STX,STX,Information Technology,1137789,469.00282544276746,199.82207051817423,42.46341551980828,,108.28025477707006
SRE,SRE,Utilities,1032208,22.094625631603137,5.368671423717286,10.046437875184044,-35.38461538461537,13.669064748201452
NOW,NOW,Information Technology,1373715,-47.819768878695925,-31.045068582625735,-31.534944480731554,1099.9999999999984,2.2727272727272747
SHW,SHW,Materials,89800,-0.9091420851159548,8.637289390853553,-1.0646176633956617,-1.6068052930056704,7.499999999999996
SPG,SPG,Real Estate,1063761,37.4284670644101,21.90959658692013,0.7344602257385091,128.98089171974524,16.535433070866137
SWKS,SWKS,Information Technology,4127,-18.853734439834035,-1.3167231727509332,-15.54048726641961,-3.0201342281879295,-44.18604651162791
SJM,SJM,Consumer Staples,91419,12.910900704054384,18.867249399376362,-1.375044727291319,,
SW,SW,Materials,2005951,0.2072651903567202,18.743536711478793,3.076525336090996,-12.195121951219496,-83.56164383561644
SNA,SNA,Industrials,91440,29.678799509233333,19.612906969995937,5.371133422320229,1.360544217687083,3.991130820399127
SOLV,SOLV,Health Care,1964738,0.4363449691991761,-1.2367491166077604,-17.566885411408386,276.49769585253466,-91.02564102564101
SO,SO,Utilities,92122,6.156514199002805,12.303634904254102,10.652448113748436,-6.235011990407669,-0.8264462809917362
LUV,LUV,Industrials,92380,50.359066427289044,21.523579201934705,-9.081015719467967,68.53932584269666,
SWK,SWK,Industrials,93556,30.57962778803809,23.741249326871294,-4.348411416262799,0.8264462809917362,-35.0
SBUX,SBUX,Consumer Discretionary,829224,9.846688794057211,23.775601068566353,6.357969723953705,-41.41414141414141,32.35294117647059
STT,STT,Financials,93751,59.55119214586253,32.248314345501036,-1.9065333643338844,10.92342342342343,22.05882352941177
STLD,STLD,Materials,1022671,69.3442434020975,29.989384288747335,6.1807029959896065,22.601839684625503,93.05555555555554
STE,STE,Health Care,1757898,-10.104299789751403,-13.965003649563046,-12.757688741591211,,
SYK,SYK,Health Care,310764,-17.702951332005956,-7.103840682788054,-6.541963015647223,16.756756756756758,14.201183431952662
SMCI,SMCI,Information Technology,1375365,15.45473818104728,85.93376579037215,16.558552406964843,55.94405594405597,323.5294117647058
SYF,SYF,Financials,1601712,11.875091628793456,-8.517652700353661,-18.467901456572555,32.328767123287676,20.10582010582011
SNPS,SNPS,Information Technology,883241,11.694068651873435,-6.904959645648323,-15.553993909580688,-60.10781671159031,-95.92760180995475
SYY,SYY,Consumer Staples,96021,9.661367455085944,15.106498439831784,-3.228869895536557,,-13.414634146341461
TMUS,TMUS,Communication Services,1283699,-26.649000041406147,-12.74258693724757,3.4651758447443504,-8.10546875,-12.015503875968994
TROW,TROW,Financials,1113169,20.143884892086316,15.77970901279171,-11.971487159457073,5.788876276958,3.720930232558143
TTWO,TTWO,Communication Services,946581,6.166208676825713,-0.4139816442101152,-22.882249560632694,,
TPR,TPR,Consumer Discretionary,1116132,65.84972960533887,12.794428359026512,10.478128179043743,,73.68421052631578
TRGP,TRGP,Energy,1389170,50.57568180496599,40.36861363328364,35.93169806206804,80.29465930018412,142.85714285714283
TGT,TGT,Consumer Staples,27419,25.353739532197505,33.2003682111077,23.841669223688243,-16.813186813186796,-24.66960352422908
TEL,TEL,Information Technology,1385157,15.938454310547323,-13.225792272867132,-8.135906114016967,4.64037122969838,7150.0
TDY,TDY,Information Technology,1094285,27.434744354286835,27.546966731898227,18.404109589041084,12.929061784897014,21.553884711779432
TER,TER,Information Technology,97210,301.5123490371015,90.70332282569376,53.97653868017156,52.69121813031163,314.75409836065575
TSLA,TSLA,Consumer Discretionary,1318605,31.230610134436397,-12.498331776324568,-17.142666488722803,-37.71428571428571,8.333333333333341
TXN,TXN,Information Technology,97476,39.67122767008744,69.44092219020175,11.873198847262234,10.795454545454533,31.249999999999993
TPL,TPL,Energy,1811074,14.431454106008657,41.8463682285316,65.31092144225742,117.6119402985074,18.285714285714278
TXT,TXT,Industrials,217346,14.18251420103729,6.062170222528107,0.42440926818076985,18.05869074492101,10.619469026548684
TMO,TMO,Health Care,97745,24.199710495716744,-9.679367708980468,-15.151515151515149,6.6862170087976365,11.306532663316576
TJX,TJX,Consumer Discretionary,109198,23.092289252896524,0.27338410466706264,3.9673240903469464,20.94117647058825,29.34782608695651
TKO,TKO,Communication Services,1973266,10.68724022091898,-7.0145648482529355,-3.556310238442595,36.54822335025381,62.31884057971018
TTD,TTD,Communication Services,1671933,-74.0302164148632,-49.72332015810278,-40.39525691699605,7.317073170731714,-20.000000000000004
TSCO,TSCO,Consumer Discretionary,916365,-41.27218934911242,-36.480000000000004,-9.329999999999995,0.9950248756218916,-8.823529411764714
TT,TT,Industrials,1466258,10.111492478864804,22.76211878009631,7.0382022471910055,7.660283097418817,-1.872659176029956
TDG,TDG,Industrials,1260221,-10.777081515560138,1.4681230126214917,-12.849271200583345,22.870955745630315,11.650485436893192
TRV,TRV,Financials,86312,28.16969969295291,18.022894972760504,0.5689262809461582,82.4169842133914,357.64705882352945
TRMB,TRMB,Information Technology,864749,-30.632927945599576,-32.30170378405973,-16.70601748452556,-68.84176182707992,55.555555555555536
TFC,TFC,Financials,92230,15.316742081447954,3.555465258025192,-6.643640796424211,18.128654970760238,25.287356321839088
TYL,TYL,Information Technology,860731,-46.11108286300233,-29.949987882526607,-24.578642402344187,9.200603318250382,2.1739130434782505
TSN,TSN,Consumer Staples,100493,2.702231520223153,0.5118580447022625,9.290223511346207,9.677419354838705,3550.0
USB,USB,Financials,36104,32.73822327382232,15.648425787106458,-2.5487256371814038,18.069306930693056,14.563106796116495
UBER,UBER,Industrials,1543151,-19.265607202907198,-8.904528763769893,-11.95838433292533,-29.42206654991243,-84.33734939759036
UDR,UDR,Real Estate,74208,0.5136986301369939,11.992368492777338,-7.904061052057775,308.3333333333333,147.82608695652172
ULTA,ULTA,Consumer Discretionary,1403568,-2.5792686791017982,-23.775680544766374,-13.638993107779774,4.341024638247944,15.522388059701491
UNP,UNP,Industrials,100885,19.81788852570361,21.9981846473029,4.892807745504846,9.459459459459465,6.296296296296293
UAL,UAL,Industrials,100517,66.51886085435923,19.222858164907898,-17.698086209980325,1.7288444040036353,84.48275862068968
UPS,UPS,Industrials,1090727,5.915007656967841,11.541175284749517,-0.8970869871988696,-9.781021897810218,-27.142857142857135
URI,URI,Industrials,1067701,41.88065099457505,35.76575574424956,-10.06711409395974,1.478215767634837,6.573957016434886
UNH,UNH,Health Care,731766,30.090664052928197,28.81232560960816,-17.930365158316143,-44.4118878191712,0.7299270072992805
UHS,UHS,Health Care,352915,-16.23809523809524,-27.354074889867842,-17.937775330396466,34.55056179775282,17.708333333333346
VLO,VLO,Energy,1035002,94.04412563851758,64.5428852297862,51.78790857704598,367.2354948805461,
VEEV,VEEV,Health Care,1393052,-31.887822721730373,-13.648176359888886,-21.296711174836457,19.745222929936297,14.598540145985398
VTR,VTR,Real Estate,740260,47.244094488188956,19.639395114385415,5.6869587695489,66.66666666666667,9.999999999999995
VLTO,VLTO,Industrials,1967680,-9.796276440198849,-7.218768798877074,-11.324443553238417,10.857142857142868,13.333333333333334
VRSN,VRSN,Information Technology,1014473,-11.349406759140756,5.491067753354728,2.2515847534370526,,
VRSK,VRSK,Industrials,1442145,-39.803746084510635,-15.815117786419918,-15.193777658575836,-4.093567251461979,4.848484848484853
VZ,VZ,Communication Services,732712,-2.5309207512597243,4.429447852760737,23.14110429447853,-2.1428571428571397,4.347826086956526
VRTX,VRTX,Health Care,875320,45.9240692430138,16.445772504741328,-1.543686322939175,,61.44578313253008
VRT,VRT,Industrials,1674101,145.4256100546805,85.7098746371889,54.918792070647804,131.39534883720933,135.71428571428575
VTRS,VTRS,Health Care,1792044,81.61044613710557,33.9486356340289,8.426966292134818,,
VICI,VICI,Real Estate,1705696,-17.646167827930924,-3.325035561877676,-2.8093883357041327,16.79999999999998,60.78431372549018
V,V,Financials,1403161,1.7164242100228044,3.0355717706076923,-13.843917455250255,,
VST,VST,Utilities,1692819,-18.26397532334001,-6.384033717614979,-6.712532539977689,-5.229793977812996,
VMC,VMC,Materials,1396009,14.572389554438603,6.300841514726518,-4.496844319775595,19.148936170212774,29.89690721649485
WRB,WRB,Financials,11544,-1.0774826710589713,2.751639577986875,-5.503279155973761,9.512761020881673,25.961538461538463
GWW,GWW,Industrials,277135,27.739555052611053,33.10377970778979,8.134620815394289,-4.518613607188716,18.154158215010153
WAB,WAB,Industrials,943452,25.245917295387276,22.881236823612095,17.104708362614197,10.641627543036005,12.765957446808523
WMT,WMT,Consumer Staples,104169,13.721498371335517,0.28725314183122297,11.543985637342914,21.36752136752135,19.64285714285714
DIS,DIS,Communication Services,1744489,-19.483358976435326,-12.608217974071634,-15.288947484069448,38.986784140969135,-29.83425414364641
WBD,WBD,Communication Services,1437107,141.64383561643837,-8.236518120339865,-4.803190567019255,,
WM,WM,Industrials,823768,0.6993006993006867,4.860731840524313,4.569452029856169,4.066265060240971,13.291139240506325
WAT,WAT,Health Care,1000697,6.248599596683846,-0.17630651018366583,-21.6172833008789,-28.675136116152444,-142.85714285714286
WEC,WEC,Utilities,783325,13.424997612909383,12.634523301569246,9.747309533968608,,
WFC,WFC,Financials,72971,4.945999018163971,-8.280596374557547,-14.625120669312452,16.366906474820166,15.107913669064763
WELL,WELL,Real Estate,766704,55.436073360601654,27.01347708894879,6.609164420485181,14.857142857142843,154.99999999999997
WST,WST,Health Care,105770,64.39428006115658,32.83432952419019,-8.925748959904068,17.425431711145986,56.09756097560975
WDC,WDC,Information Technology,106040,749.8394549299084,214.86768802228417,56.88254410399256,,477.4647887323943
WY,WY,Real Estate,106535,-9.416698436904303,0.23201856148493682,3.100611685298471,14.285714285714299,100.0
WSM,WSM,Consumer Discretionary,719955,34.464211832850644,27.40815412186379,2.0945340501792087,3.12138728323701,4.324324324324317
WMB,WMB,Energy,107263,24.506298944501204,21.66860755281983,21.069705539843643,22.58064516129033,24.999999999999982
WTW,WTW,Financials,1140536,-6.955772917817582,-12.870488710364558,-11.54829286105532,,33.047210300429185
WDAY,WDAY,Information Technology,1327811,-43.41973244147157,-37.01307767487317,-39.5401870898683,78.33333333333334,248.0
WYNN,WYNN,Consumer Discretionary,1174922,-5.904855321235891,-20.274257220029078,-15.603573654685231,-6.684491978609613,50.724637681159436
XEL,XEL,Utilities,72903,19.22293364377183,10.903553299492398,7.526226734348573,2.058823529411773,5.952380952380958
XYL,XYL,Industrials,1524472,-9.83819264234469,-13.229028940796239,-12.252093433230494,8.355795148247969,14.49275362318842
YUM,YUM,Consumer Discretionary,1041061,9.558334441931615,8.827221671622087,2.745292368681862,23.505976095617527,72.22222222222221
ZBRA,ZBRA,Information Technology,877212,-15.318798326784123,10.048595667572702,-13.845646981303029,-21.665089877010416,3.8167938931297747
ZBH,ZBH,Health Care,1136869,-6.995534765043587,-2.6864675454697062,0.589576728405361,-14.222222222222236,34.06593406593406
ZTS,ZTS,Health Care,1555280,-41.295848511493524,-25.712327134000958,-6.064218725162929,10.909090909090903,5.970149253731331
