Symbol,dbsym,sector,cik,px_ytd,qoq_raw,qoq_des,season_pct
MMM,MMM,Industrials,66740,0.21865433872680917,14.953271028037385,-6.352045526471595,22.750434512193628
AOS,AOS,Industrials,91142,-6.175700934579442,-4.494382022471955,-19.04970341040353,17.980565854779318
ABT,ABT,Health Care,1800,-23.939502773454645,-39.603960396039604,81.16162738417734,-66.66179230335432
ABBV,ABBV,Health Care,1551152,13.87699834017646,-61.764705882352935,-77.6546982429335,71.11111111111097
ACN,ACN,Information Technology,1467373,-36.01878074228648,-18.384401114206117,-7.247356490145307,-12.007253057836065
ADBE,ADBE,Information Technology,796343,-37.248235865497236,3.603603603603611,52.19254370863109,-31.92596622739273
AMD,AMD,Information Technology,2488,142.40145712684472,-8.695652173913038,84.6721362399315,-50.558676752695575
AES,AES,Utilities,874761,27.17921896792188,51.11111111111117,1324.7619047619046,-89.39393939393939
AFL,AFL,Financials,4977,9.652544679306896,-23.25581395348838,147.52917205455577,-68.9959024184846
A,A,Health Care,1090872,-4.129013298067741,,,
APD,APD,Materials,2969,27.179238025830998,,,
ABNB,ABNB,Consumer Discretionary,1559720,9.723756906077341,,,
AKAM,AKAM,Information Technology,1086222,29.75296612598155,24.561403508771917,26.476278149556222,-1.514018809535178
ALB,ALB,Materials,915913,-4.171380090497745,,,
ARE,ARE,Real Estate,1035443,7.3937908496731986,,,
ALGN,ALGN,Health Care,1097149,18.08170060186962,-16.489361702127702,-5.051007113969986,-12.046841404508102
ALLE,ALLE,Industrials,1579241,-11.713182431796042,-6.470588235294128,-10.435694486437663,4.427105450555979
LNT,LNT,Utilities,352541,19.969242599000392,61.11111111111116,17.260982203156416,37.39532799749512
ALL,ALL,Financials,899051,20.292153188217753,-35.0421348314607,32.76090038168298,-51.07153914911115
GOOGL,GOOGL,Communication Services,1652044,14.759180542682726,81.20567375886529,47.30467847127955,23.01420134065568
GOOG,GOOG,Communication Services,1652044,13.007456503728253,81.20567375886529,47.30467847127955,23.01420134065568
MO,MO,Consumer Staples,764180,26.048890429958394,94.02985074626862,219.33357681073713,-39.239132732582526
AMZN,AMZN,Consumer Discretionary,1018724,5.164197209947141,42.56410256410253,55.759683722831575,-8.471756518336349
AMCR,AMCR,Materials,1748790,,,,
AEE,AEE,Utilities,1002910,15.186260765071102,39.13043478260878,-6.8833173108515,49.415153938707235
AEP,AEP,Utilities,4904,20.161290322580648,50.9433962264151,-20.973489669401868,91.00349439063058
AXP,AXP,Financials,4962,-4.875510259252258,21.590909090909083,-1.4365868118810021,23.3631275114627
AIG,AIG,Financials,5272,-7.187938288920059,3.6764705882353255,-71.982761488899,270.0452867514282
AMT,AMT,Real Estate,1053507,-5.459516418420529,4.545454545454541,-49.61809592822095,107.50596165740131
AWK,AWK,Utilities,1410636,4.873563218390808,-18.032786885245944,-14.481783340245169,-4.152335822353381
AMP,AMP,Financials,820027,-0.31290450806723547,-6.83349374398462,-22.935996699050488,20.89497335374928
AME,AME,Industrials,1037868,14.277363729358461,0.5780346820808635,10.79446003695439,-9.221061550790488
AMGN,AMGN,Health Care,318154,14.241637391171524,36.326530612244824,-50.155612244897995,173.50427350427356
APH,APH,Information Technology,820313,21.04776351326352,-22.580645161290324,-71.16560497738416,168.49654649590158
ADI,ADI,Information Technology,6281,39.189438359700546,,,
AON,AON,Financials,315293,1.2795624264924754,-28.005115089514064,-58.76432704560447,74.59369461511751
APA,APA,Energy,1841666,32.284429914180635,59.49367088607587,479.5638497269552,-72.48039694656305
APO,APO,Financials,1858681,-18.093922651933713,,,-62.27370632200249
AAPL,AAPL,Information Technology,320193,13.204011903449796,,,
AMAT,AMAT,Information Technology,6951,135.7559722978757,,,
APP,APP,Information Technology,1751008,-1.9641395729484312,9.876543209876566,-6.605241538357665,17.647440841129615
APTV,APTV,Consumer Discretionary,1521332,-22.61138125903536,39.6825396825397,474.64335945348637,-75.69230769230771
ACGL,ACGL,Financials,947484,6.551993745113371,-13.513513513513487,59.775506582226235,-45.86999701235342
ADM,ADM,Consumer Staples,7084,33.579688722719744,-34.736842105263165,-19.468659434049552,-18.959305239318436
ARES,ARES,Financials,1176948,-27.709725315515954,,,
ANET,ANET,Information Technology,1596532,22.092490842490854,8.108108108108137,6.418918918918948,1.5873015873015817
AJG,AJG,Financials,354190,-2.6004636785162405,444.8275862068965,120.3346855983772,147.2727272727273
AIZ,AIZ,Financials,1267238,15.97841875907864,23.798627002288363,25.910616459338343,-1.6773720250444657
T,T,Communication Services,732717,-17.223340040241453,3.8461538461538547,-19.192544796607148,28.510610295513516
ATO,ATO,Utilities,731802,5.526708445240214,,,
ADSK,ADSK,Information Technology,769397,-29.934477168332883,57.82312925170066,134.52810302830093,-32.70609056490946
ADP,ADP,Industrials,8670,-5.8309037900874605,,,
AZO,AZO,Consumer Discretionary,866787,-6.85253734865131,,,
AVB,AVB,Real Estate,915912,6.979695431472077,97.45762711864406,155.95554809714014,-22.854718881223455
AVY,AVY,Materials,8818,-8.20275990983561,0.9259259259259744,-6.518429814980353,7.963447475446106
AXON,AXON,Industrials,1069183,5.134073982780785,10150.00000000003,8317.32718368181,21.77262183500619
BKR,BKR,Energy,1701605,15.909090909090896,,,
BALL,BALL,Materials,9389,19.63004907512269,5.47945205479452,-87.04116330033335,713.9577224359026
BAC,BAC,Financials,70858,6.718792617510694,14.432989690721687,-28.9572178720249,61.07616602709096
BAX,BAX,Health Care,10456,18.472004186289915,,,-85.71428571428574
BDX,BDX,Health Care,10795,1.8148796949868595,,,
BRK.B,BRK-B,Financials,1067983,,,,
BBY,BBY,Consumer Discretionary,764478,16.45626353925451,-48.828124999999986,-46.79494721987885,-3.821399799232583
TECH,TECH,Health Care,842023,20.430198945757528,,,
BIIB,BIIB,Health Care,875045,22.76625958534506,,,19.63097751903149
BLK,BLK,Financials,2012383,-7.088978875048468,99.43262411347511,120.12065566051606,-9.398496240601483
BX,BX,Financials,1393818,-20.376195881303715,-35.65891472868219,-70.15220572271532,115.56395314706344
XYZ,XYZ,Financials,1512673,21.078506683054222,,,-36.51377244374478
BNY,BNY,Financials,1390777,,11.442786069651723,-53.99283560887713,142.22919961386435
BA,BA,Industrials,12927,4.23576561636263,,,
BKNG,BKNG,Consumer Discretionary,1075531,,-97.44984061503844,-88.5484062616081,-77.73096528553877
BSX,BSX,Health Care,885725,-40.8781127129751,100.00000000000004,86.5511908333657,7.20917894254951
BMY,BMY,Health Care,14272,7.701575532900828,142.59259259259278,-89.89197530864205,2300.0000000000196
AVGO,AVGO,Information Technology,1730168,4.190178545591339,,,
BR,BR,Industrials,1383312,-35.5001344447432,,,
BRO,BRO,Financials,79282,-12.182263227264178,92.72727272727268,46.621302783034665,31.445614702021917
BF.B,BF-B,Consumer Staples,14693,,,,
BLDR,BLDR,Industrials,1316835,-17.674215181261545,,,-37.98668891177015
BG,BG,Consumer Staples,1996862,19.508362330227857,,,-62.58679653931761
BXP,BXP,Real Estate,1037540,2.735359525574488,-58.97435897435898,-38.86375062845653,-32.89473684210525
CHRW,CHRW,Industrials,1043277,18.118174180901715,8.928571428571441,-32.53671957789136,61.463496508056046
CDNS,CDNS,Information Technology,813672,19.273448242780855,-13.380281690140826,9.855576448093938,-21.1512777862611
CPT,CPT,Real Estate,906345,6.525292888929246,-72.22222222222223,-54.275415549782956,-39.249797211342575
COF,COF,Financials,927628,-15.41396807062415,-22.863741339491916,-50.433218448222185,55.62087399185076
CAH,CAH,Health Care,721371,16.201226038727267,,,
CCL,CCL,Consumer Discretionary,815097,-8.690671031096564,-42.42424242424243,,
CARR,CARR,Industrials,1783180,32.6488123403047,300.00000000000034,1173.604713212559,-68.59308105173115
CVNA,CVNA,Consumer Discretionary,1690820,1.6050698886519665,,,
CASY,CASY,Consumer Staples,726958,44.39223568182229,,,
CAT,CAT,Industrials,18230,68.48437227169546,7.045009784735834,19.898009299118957,-10.719944050378471
CBOE,CBOE,Financials,1374310,-0.7608955461716138,23.232323232323225,9.431130730712955,12.611760848539632
CBRE,CBRE,Real Estate,1138118,-11.913278795607951,-22.463768115942017,156.20649895553402,-69.7368208065968
CDW,CDW,Information Technology,1402057,22.36600587371513,-14.553990610328672,8.021755272569742,-20.899258511337237
COR,COR,Health Care,1140859,9.781192633386638,,,
CNC,CNC,Health Care,1071739,64.73160068010687,,,766.8497975016035
CNP,CNP,Utilities,1130310,16.271186440677976,19.99999999999997,-18.3087853838949,46.89462087682368
CF,CF,Materials,1324404,42.98001681433099,55.468749999999936,86.23176946186419,-16.518674311454575
CRL,CRL,Health Care,1100682,15.545586687384105,,,-64.18732782369148
SCHW,SCHW,Financials,316709,-2.9963483567605476,3.7878787878787845,-12.416237683963672,18.501279282079363
CHTR,CHTR,Communication Services,1091667,-12.44352920517856,-10.710808179162612,-5.521872360532787,-5.492208565384615
CVX,CVX,Energy,93410,11.070280202113004,-18.38235294117644,-49.82589032852337,62.66884971796956
CMG,CMG,Consumer Discretionary,1058090,-4.442344045368629,-7.999999999999929,-21.142857142857086,16.666666666666675
CB,CB,Financials,896159,15.734495409904369,-26.956521739130444,25.110086804884823,-41.616635295933925
CHD,CHD,Consumer Staples,313927,17.63302314483417,51.66666666666671,15.353489108734909,31.479912604725936
CIEN,CIEN,Information Technology,936395,79.68770053475936,,,
CI,CI,Health Care,1739940,4.523151849967277,34.913793103448356,39.36455741201572,-3.1936127744511045
CINF,CINF,Financials,20286,17.51201444794759,-59.2074592074592,-36.08030741921955,-36.18157543391188
CTAS,CTAS,Industrials,723254,-3.5968736707784,,,
CSCO,CSCO,Information Technology,858877,46.28415655221654,,,
C,C,Financials,831001,19.926309926738362,,,47.36842105263155
CFG,CFG,Financials,759944,21.527005050072745,0.8928571428571397,-22.044156247268365,29.423083999808263
CLX,CLX,Consumer Staples,21076,-3.54539594386869,,,
CME,CME,Financials,1156375,-13.350421091175402,-1.8518518518518046,-8.492732859854302,7.257217066521959
CMS,CMS,Utilities,811156,11.155606407322649,17.021276595744773,14.236401391870235,2.437817692034483
KO,KO,Consumer Staples,21344,19.877019877019862,71.69811320754714,7.893569001956124,59.13655910709028
CTSH,CTSH,Information Technology,1058290,-49.400566299174656,2.9629629629629894,-5.867922453298657,9.381377365096832
COHR,COHR,Information Technology,820318,80.60024920093178,,,
COIN,COIN,Financials,1679788,-26.526632987680575,,,-55.41522543138648
CL,CL,Consumer Staples,21665,20.341664030370122,,,-3.992694729655777
CMCSA,CMCSA,Communication Services,1166691,-20.5218263923733,-3.2258064516129115,3.318059239110971,-6.333709458846193
FIX,FIX,Industrials,1035983,86.58864776772315,12.406417112299483,1.6291339179425934,10.604521340365537
COP,COP,Energy,1163165,11.886318713606503,50.84745762711873,51.53648814468479,-0.454696110489361
ED,ED,Utilities,1047862,14.753272910372605,213.5802469135804,36.062476640781036,130.4678370227411
STZ,STZ,Consumer Staples,16918,-0.4350348027842177,,,
CEG,CEG,Utilities,1868275,-32.19269197022445,225.36231884057963,2220.3470633104503,-85.9778597785978
COO,COO,Health Care,711404,-9.469188529591221,,,
CPRT,CPRT,Industrials,900075,-23.37844739530133,,,
GLW,GLW,Information Technology,24741,125.71656960146171,-29.508196721311485,40.98360655737703,-50.0
CPAY,CPAY,Financials,1175454,17.157718065041472,35.56149732620326,43.799138300949124,-5.728574643824203
CTVA,CTVA,Materials,1755672,27.939750950712106,,,
CSGP,CSGP,Real Estate,1057352,-55.410128653231205,-91.66666666666666,0.0,-91.66666666666666
COST,COST,Consumer Staples,909832,10.134069400630906,,,
CRH,CRH,Materials,849395,-13.949202788238125,,,-83.33333333333333
CRWD,CRWD,Information Technology,1535527,65.46781006015614,-49.999999999999986,-52.94117647058821,6.249999999999978
CCI,CCI,Real Estate,1051470,-13.840441093732425,-49.25373134328359,-40.67689720412023,-14.457831325301228
CSX,CSX,Industrials,277948,34.758031159520186,10.256410256410241,18.0855328219343,-6.6300438152147585
CMI,CMI,Industrials,26172,29.611850226306412,10.8235294117647,-40.12554283458347,85.09316770186327
CVS,CVS,Health Care,64803,31.96395942284669,-0.43290043290041824,28.509490584820462,-22.521598121671772
DHR,DHR,Health Care,313616,-13.55554584771308,-14.201183431952636,-8.854085552815881,-5.86652502371372
DRI,DRI,Consumer Discretionary,940944,10.931812007606624,,,
DDOG,DDOG,Information Technology,1561550,91.31649571706922,15.384615384615397,94.22124881465537,-40.59114742139954
DVA,DVA,Health Care,927066,106.63615560640731,-10.869565217391298,-12.98675353045855,2.433179313460454
DECK,DECK,Consumer Discretionary,910521,0.960054033191815,,,
DE,DE,Industrials,315189,32.60103938495897,,,
DELL,DELL,Information Technology,1571996,212.97267238639978,57.35735735735739,116.48480412708753,-27.312516002286856
DAL,DAL,Industrials,27904,33.65509292609134,,,-92.6435536493064
DVN,DVN,Energy,1090012,10.483210483210481,-78.88888888888889,-66.86015033470599,-36.29690139113725
DXCM,DXCM,Health Care,1093557,7.336547152756867,-23.880597014925364,15.991995625838173,-34.37529669666412
FANG,FANG,Energy,1539838,14.460115760761095,,,6.705145626189979
DLR,DLR,Real Estate,1297996,12.042392322853711,109.090909090909,-45.575810250940506,284.18745424597216
DG,DG,Consumer Staples,29534,-11.033288145805098,3.6269430051814044,-23.912023646585734,36.19358533581423
DLTR,DLTR,Consumer Staples,935703,0.9593495934959506,-29.59999999999997,,
D,D,Utilities,715957,19.02892738288251,7.812499999999933,-63.49874009802106,195.36651690796788
DPZ,DPZ,Consumer Discretionary,1286681,-25.23460938437537,-22.803738317757006,-8.331737595526679,-15.78736232435023
DASH,DASH,Consumer Discretionary,1792789,-15.178807947019868,-14.28571428571429,-31.818181818181834,25.714285714285733
DOV,DOV,Industrials,29905,9.467698140273573,-15.048543689320393,44.70491408980364,-41.29331623253729
DOW,DOW,Materials,1751788,18.451999144750907,,,
DHI,DHI,Consumer Discretionary,882184,10.12983406234813,,,
DTE,DTE,Utilities,936340,19.392106691478638,-33.146067415730364,-37.23510020369885,6.514839984193599
DUK,DUK,Utilities,1326160,10.5537070215852,32.21476510067116,15.687919463087251,14.285714285714302
DD,DD,Materials,1666700,,,,
ETN,ETN,Industrials,1551182,25.138928134124505,-23.448275862068947,-17.83746619504354,-6.828915087191412
EBAY,EBAY,Consumer Discretionary,1065088,31.842709529276704,-2.608695652173898,39.68584790829786,-30.278331122160374
ECHO,ECHO,Communication Services,1415404,,,,
ECL,ECL,Materials,31462,7.865981343993922,-23.23232323232325,-17.53828723182288,-6.905066374873748
EIX,EIX,Utilities,827052,25.989171178675562,-71.33891213389121,-93.14291177396859,317.9775280898877
EW,EW,Health Care,1099800,10.735656458993304,312.49999999999966,336.68335111145524,-5.537960412253784
EA,EA,Communication Services,712515,0.39146604032098686,,,
ELV,ELV,Health Care,1156039,19.104682016605313,212.49999999999977,-14.378691970509072,264.97924078941196
EME,EME,Industrials,105634,26.615652515144816,-29.045643153526978,-19.602562906412256,-11.745499096099765
EMR,EMR,Industrials,32604,4.727642582686653,,,-14.429138813470265
ETR,ETR,Utilities,65984,24.52401557767201,62.745098039215684,30.98995695839315,24.2424242424242
EOG,EOG,Energy,821189,24.54519478045527,182.44274809160333,172.9575384941656,3.474976236144678
EQT,EQT,Energy,33213,-1.8561701333830727,118.5185185185185,549.9897921399116,-66.38123841928245
EFX,EFX,Industrials,33185,-20.729459471913735,-1.3888888888888618,16.67824016668691,-15.484574527148343
EQIX,EQIX,Real Estate,1101239,30.73719664234149,55.55555555555558,53.63511659807963,1.2499999999999734
EQR,EQR,Real Estate,906107,10.738361487826143,-76.23762376237624,-68.5796967146828,-24.37254337793746
ERIE,ERIE,Financials,922621,-9.531119173876634,,,
ESS,ESS,Real Estate,920522,13.960952126236936,33.06451612903223,-26.299088214700227,80.54663491364431
EL,EL,Consumer Staples,1001250,-0.09311431572915918,,,
EG,EG,Financials,1095073,9.421399952863553,51.353874883286686,70.37404173287567,-11.163770405476503
EVRG,EVRG,Utilities,1711269,21.611367869214337,82.8571428571428,-2.3612537132341127,87.27928185403951
ES,ES,Utilities,72741,10.51068883610451,45.04504504504509,-84.52852852852851,837.4999999999994
EXC,EXC,Utilities,1109357,9.793577981651369,,,
EXE,EXE,Energy,895126,-17.79257849666984,106.43776824034319,4602.1936099189315,-95.60975609756099
EXPE,EXPE,Consumer Discretionary,1324424,-5.176246427437292,,,
EXPD,EXPD,Industrials,746515,12.379227053140118,13.999999999999947,18.169183986164626,-3.5281482409600273
EXR,EXR,Real Estate,1289490,14.642199017199008,-15.555555555555555,-25.412698847484826,13.21557844246637
XOM,XOM,Energy,34088,13.737222637746216,-35.0649350649351,-38.188363471584985,5.053139800325512
FFIV,FFIV,Information Technology,1048695,59.92320050154773,,,
FDS,FDS,Financials,1013237,-13.823519277814144,,,
FICO,FICO,Information Technology,814547,-24.75973922157283,,,
FAST,FAST,Industrials,815556,21.013951170901855,19.99999999999997,,
FRT,FRT,Real Estate,34903,20.73908730158731,21.476510067114106,32.15291479626367,-8.07882652123797
FDX,FDX,Industrials,1048911,35.469323454054425,,,
FDXF,FDXF,Industrials,2082247,,,,
FIS,FIS,Financials,1136893,-37.12286509668197,367.3469387755102,418.78466555701823,-9.915043793031053
FITB,FITB,Financials,35527,22.104700854700866,-85.43689320388349,-83.95223791205805,-9.251478702697035
FSLR,FSLR,Information Technology,1274494,-14.22009569377991,-33.47107438016531,10.78069543675002,-39.94538005241246
FE,FE,Utilities,1031296,8.353808353808345,,,39.84117975602022
FISV,FISV,Financials,798354,,-29.1390728476821,-20.937719869614003,-10.373281626260699
FLEX,FLEX,Information Technology,866374,126.5083174708268,,,29.72498382567428
F,F,Consumer Discretionary,37996,1.5987818804720222,,,-73.33333333333334
FTNT,FTNT,Information Technology,1262039,96.71326029467325,7.462686567164178,21.41651449692743,-11.492528827383165
FTV,FTV,Industrials,1659166,13.429321742280177,-24.13793103448275,-6.132085511321328,-19.182108840111812
FOXA,FOXA,Communication Services,1754301,-3.437072503419969,,,
FOX,FOX,Communication Services,1754301,-22.146927460341914,,,
BEN,BEN,Financials,38777,42.67782426778244,,,
FCX,FCX,Materials,831259,20.03741630563214,,,
GRMN,GRMN,Consumer Discretionary,1121788,18.355569804434136,-23.161764705882383,23.138455838236304,-37.60013086808727
IT,IT,Information Technology,749251,-32.45420119750981,-5.35714285714286,29.33624289916925,-26.824179347284062
GE,GE,Industrials,40545,22.558026294432732,-24.583333333333357,-25.6774822619538,1.472163432994611
GEHC,GEHC,Health Care,1932393,-20.03414217778321,-33.593749999999986,-21.107187694228536,-15.827249581845615
GEV,GEV,Industrials,1996810,70.41759789364113,31.32530120481927,152.54865616311392,-47.999999999999986
GEN,GEN,Information Technology,849399,-1.930856932695857,,,
GNRC,GNRC,Industrials,1474735,85.39465962441315,,,-70.70314525550897
GD,GD,Industrials,40533,10.974450386215096,,,
GIS,GIS,Consumer Staples,40704,-19.22167275854655,,,8.050831468529829
GM,GM,Consumer Discretionary,1467858,-6.669945288006396,,,59.99999999999994
GPC,GPC,Consumer Discretionary,40987,7.905652704351351,,,7.172702683985621
GILD,GILD,Health Care,882095,6.903433388995239,-7.999999999999973,26.500000000000014,-27.27272727272726
GPN,GPN,Financials,1123360,1.5239571225623028,,,-29.631540626291187
GL,GL,Financials,320335,29.057048899056337,3.3536585365853355,6.976541126633706,-3.3866140668726286
GDDY,GDDY,Information Technology,1609711,-28.707285622179246,-10.614525139664789,,
GS,GS,Financials,886982,16.149382786279066,24.99999999999998,-20.566606971692625,57.364548125816796
HAL,HAL,Energy,45012,16.58113608210936,,,
HIG,HIG,Financials,874766,0.014514841425361524,-23.23232323232324,-10.79142367883954,-13.945855955256059
HAS,HAS,Consumer Discretionary,46080,-2.201622247972179,-4.794520547945192,,
HCA,HCA,Health Care,860730,-12.10781059259418,-11.619283065512976,-17.278312535293537,6.841046940918627
DOC,DOC,Real Estate,765880,36.00746268656718,74.99999999999997,264.2915499065732,-51.96155385847388
HSIC,HSIC,Health Care,1000228,14.365079365079358,8.23529411764703,-55.93883591936655,145.64783154519637
HSY,HSY,Consumer Staples,47111,0.043943971436410934,,,
HPE,HPE,Information Technology,1645590,,,,
HLT,HLT,Consumer Discretionary,1585689,17.720769953705307,30.70866141732276,24.925040836160008,4.629672756119407
HD,HD,Consumer Discretionary,354950,3.9870971491674068,27.906976744185986,5.489161292560452,21.251297457425643
HONA,HONA,Industrials,2089271,,,,
HON,HON,Industrials,773840,17.75169161369694,,,14.99638798175955
HRL,HRL,Consumer Staples,48465,5.507491031863254,,,
HST,HST,Real Estate,1070750,31.772009029345384,259.99999999999983,66.64761795905916,116.02468994692869
HWM,HWM,Industrials,4281,31.873597971325474,56.521739130434746,46.336694179436535,6.96000754158721
HPQ,HPQ,Information Technology,47217,-1.6157989228007152,,,
HUBB,HUBB,Industrials,48898,9.645144226981639,-18.421052631578938,-2.2334743451748684,-16.55738319223493
HUM,HUM,Health Care,49071,92.42104852246551,,,
HBAN,HBAN,Financials,49196,3.1448355452971866,-16.666666666666597,-37.64156303567664,33.636020064149854
HII,HII,Industrials,1501585,-14.278781818449193,-6.650246305418772,13.389211256565247,-17.67316073540791
IBM,IBM,Information Technology,51143,-2.6469495931665366,-78.30508474576271,-47.916636146621,-58.34578712060321
IEX,IEX,Industrials,832101,25.80210147777715,-5.847953216374268,0.9668217811076074,-6.749519175968565
IDXX,IDXX,Health Care,874716,-17.35191534641759,12.29773462783168,-4.208137924407296,17.230975778729118
ITW,ITW,Industrials,49826,10.720665854648793,-2.2058823529411464,-5.856211798709909,3.8773980902106375
INCY,INCY,Health Care,879169,18.25083510476768,0.6849315068492956,16.333585014988138,-13.45153551841689
IR,IR,Industrials,1699150,1.7924766473112808,-26.865671641791057,-13.843350681233257,-15.114702189005925
PODD,PODD,Health Care,1145197,-42.11415300161869,-8.450704225352123,115.82750302348339,-57.58219203199199
INTC,INTC,Information Technology,50863,225.73828230831757,,,
IBKR,IBKR,Financials,1381197,42.0087064676617,-7.812500000000034,,
ICE,ICE,Financials,1571949,-17.924178809582614,66.44295302013425,8.11419547284129,53.95106284812097
IFF,IFF,Materials,51253,24.313696394123774,2099.9999999999714,,
IP,IP,Materials,51434,-1.5991877141769306,,,
INTU,INTU,Information Technology,896878,-58.42948451896738,,,
ISRG,ISRG,Health Care,1035267,-24.790353618275862,4.109589041095862,9.276279065531746,-4.728098420460924
IVZ,IVZ,Financials,914208,2.7587519025875196,,,-17.391304347826065
INVH,INVH,Real Estate,1687229,9.784172661870505,8.333333333333348,-0.10741141660423059,8.449820822183195
IQV,IQV,Health Care,1478242,-8.075967341143064,-45.791245791245785,-9.245432950315212,-40.268841590002936
IRM,IRM,Real Estate,1020569,41.29530241813906,54.838709677419374,159.09471789442344,-40.238569533280334
JBHT,JBHT,Industrials,728535,46.98906752411573,-20.744680851063833,-0.5144613477069515,-20.334834366291688
JBL,JBL,Information Technology,898293,49.7148372378696,,,
JKHY,JKHY,Financials,779152,-19.434396580072345,,,
J,J,Industrials,52988,-3.454133635334078,,,-77.02691777597295
JNJ,JNJ,Health Care,200406,26.90691270953094,2.884615384615441,-37.74012956282553,65.25028828711554
JCI,JCI,Industrials,833444,17.597427008061484,,,
JPM,JPM,Financials,19617,3.6561540608428533,28.017241379310388,3.453797848547868,23.743394676261566
KVUE,KVUE,Consumer Staples,1944048,14.674384949348763,56.25,61.3743060919757,-3.1754163448145745
KDP,KDP,Consumer Staples,1418135,18.861527480371155,-23.076923076923038,14.21911421911426,-32.65306122448979
KEY,KEY,Financials,91576,11.506782945736438,2.3255813953488413,-89.76744186046508,899.9999999999966
KEYS,KEYS,Information Technology,1601046,54.44592067709873,,,
KMB,KMB,Consumer Staples,55785,13.645823010603507,33.33333333333335,5.253965022356688,26.67772972259277
KIM,KIM,Real Estate,879101,24.913665515540217,,,
KMI,KMI,Energy,1506307,16.68182645079135,-2.2222222222222143,-15.965909328048744,16.354894776547944
KKR,KKR,Financials,1404912,-26.386600768808353,,,
KLAC,KLAC,Information Technology,319201,,,,
KHC,KHC,Consumer Staples,1637459,4.640131985976481,19.64285714285714,98.6598272644814,-39.775011993958266
KR,KR,Consumer Staples,56873,-6.825092014722356,,,
LHX,LHX,Industrials,202058,2.8129682604549844,71.06918238993723,38.08263229804203,23.88899280301664
LH,LH,Health Care,920148,14.36344068877553,69.1919191919191,15.480198813532088,46.51162790697674
LRCX,LRCX,Information Technology,707549,105.76170163033952,,,
LVS,LVS,Consumer Discretionary,1300514,-27.816603947469474,44.06779661016944,18.82511593491083,21.243556529821394
LDOS,LDOS,Industrials,1336920,-39.672949002217294,0.7874015748031038,-20.942062576187237,27.48549337241537
LEN,LEN,Consumer Discretionary,920760,-14.177289092147504,,,-48.91724430229401
LII,LII,Industrials,1069202,17.38937916404939,-17.690417690417682,11.250502536238383,-26.01419280531244
LLY,LLY,Health Care,59478,12.633811069465484,11.772665764546652,39.43334598371027,-19.83792329160282
LIN,LIN,Materials,1707925,28.238742964352713,21.341463414634166,19.327940315223934,1.687386117694789
LYV,LYV,Communication Services,1335258,30.933333333333344,,,
LMT,LMT,Industrials,936468,12.837209302325592,11.03448275862078,-32.471160476871056,64.42527895150774
L,L,Financials,60086,10.692241952331205,-15.54404145077718,-41.30907393387626,43.89951600707593
LOW,LOW,Consumer Discretionary,60667,-5.748460788988153,62.92134831460672,3.9592583993439012,56.7165357112964
LULU,LULU,Consumer Discretionary,1397187,-42.99812256294228,-65.9959758551308,-25.028614907552672,-54.64399636882953
LITE,LITE,Information Technology,1633978,96.89533622559652,,,
LYB,LYB,Materials,1489393,23.244803695150118,,,161.8181818181821
MTB,MTB,Financials,36270,18.638259833134676,-10.606060606060597,-7.900474607703067,-2.937676374371223
MPC,MPC,Energy,1510295,63.7476169977246,-65.3306613226453,-47.055351012101745,-34.51776649746192
MAR,MAR,Consumer Discretionary,1048286,20.124357673287285,45.50898203592817,46.729398789192246,-0.8317465779420607
MRSH,MRSH,Financials,62709,,40.47619047619051,-22.38844178500554,80.99905955637763
MLM,MLM,Materials,916076,-3.7296411706126187,445.9694989106752,353.44690961216736,20.404282692684394
MRVL,MRVL,Information Technology,1835632,191.0631287874331,-91.1111111111111,-89.77777777777776,-13.043478260869556
MAS,MAS,Industrials,62996,30.422446406052963,29.629629629629672,20.647263350622058,7.445147141799047
MA,MA,Financials,1141391,-5.546994028334751,-3.761061946902655,-6.93110052294772,3.406120190372164
MKC,MKC,Consumer Staples,63754,-21.509323153721915,348.8095238095236,488.6357695610373,-23.754289661293626
MCD,MCD,Consumer Discretionary,63908,-8.274858105566196,-8.250825082508229,-2.4885100437125995,-5.90937031254345
MCK,MCK,Health Care,927653,-4.108586690081594,,,
MDT,MDT,Health Care,1613103,-13.43151540383014,,,
MRK,MRK,Health Care,310158,23.008975637555196,,,34.8993288590604
META,META,Communication Services,1326801,-11.809555569029296,17.700112739571615,38.91700371038167,-15.273069821635122
MET,MET,Financials,1099219,14.00709219858156,47.45762711864414,42.36904427129042,3.5742199952239595
MTD,MTD,Health Care,1037646,-6.1608859052700975,-40.11502516175411,-24.758205478448748,-20.40995935963059
MGM,MGM,Consumer Discretionary,789570,29.139254385964918,-57.14285714285715,-48.741449149282246,-16.390256560398363
MCHP,MCHP,Information Technology,827054,32.862412683462836,,,
MU,MU,Information Technology,723125,240.01608616589732,,,
MSFT,MSFT,Information Technology,789019,-19.285404131257366,,,
MAA,MAA,Real Estate,912595,2.295459451680215,120.8333333333334,125.50317161668829,-2.07085259594163
MRNA,MRNA,Health Care,1682852,169.98982706002036,,,
TAP,TAP,Consumer Staples,24545,-14.792202227934881,,,
MDLZ,MDLZ,Consumer Staples,1103982,13.162297824874504,-15.384615384615374,41.13932555923834,-40.04832864255806
MPWR,MPWR,Information Technology,1280452,42.07055375274782,12.000000000000055,246.75089769657546,-67.70015571870105
MNST,MNST,Consumer Staples,865752,27.29999347982004,,,
MCO,MCO,Financials,1059556,-4.02419212777202,9.705882352941142,-33.572282775638065,65.15076377290774
MS,MS,Financials,895421,20.517153963157007,27.985074626865615,-22.660987152761624,65.48578772225137
MOS,MOS,Materials,1285785,-12.37541528239201,,,-57.94208844309667
MSI,MSI,Information Technology,68505,10.202378468600038,-43.37662337662338,-20.100610851598965,-29.131652661064457
MSCI,MSCI,Financials,1408198,5.1620606409217284,45.14435695538057,86.30963888098624,-22.095089751047105
NDAQ,NDAQ,Financials,1120193,-12.827508107273388,1.1111111111111516,-12.306531967814216,15.300618597956174
NTAP,NTAP,Information Technology,1002047,43.87340708584233,,,
NFLX,NFLX,Communication Services,1065280,-17.05335186571154,,,
NEM,NEM,Materials,1164727,-2.813939515321451,152.10084033613444,84.57382953181276,36.5853658536585
NWSA,NWSA,Communication Services,1564708,1.972046716446485,-57.894736842105246,-74.26900584795318,63.636363636363534
NWS,NWS,Communication Services,1564708,1.823092505064139,-57.894736842105246,-74.26900584795318,63.636363636363534
NEE,NEE,Utilities,753308,10.034257240734966,40.54054054054055,22.886245303585827,14.366372081220668
NKE,NKE,Consumer Discretionary,320187,-30.91692789968651,,,
NI,NI,Utilities,1111711,14.412257601149147,100.0,11.588297110172153,79.23026444479045
NDSN,NDSN,Industrials,72331,20.81201381089064,,,
NSC,NSC,Industrials,702165,11.73739823315434,-15.331010452961646,166.0498139254544,-68.17551258623992
NTRS,NTRS,Financials,73124,29.31185944363104,11.983471074380159,-10.311979511798663,24.858894716169864
NOC,NOC,Industrials,1133421,-3.8610275612301237,-38.22937625754527,61.12457879808977,-61.66281755196306
NCLH,NCLH,Consumer Discretionary,1513761,-11.548791405550574,187.50000000000017,,
NRG,NRG,Utilities,1013871,-14.15384615384615,57.57575757575755,37.22263150341709,14.832193384830706
NUE,NUE,Materials,73309,35.3267533104463,99.3827160493827,162.75049848054888,-24.11709313497543
NVDA,NVDA,Information Technology,1045810,4.435981333476358,35.79545454545452,59.02362440191382,-14.606741573033698
NVR,NVR,Consumer Discretionary,906163,-7.591738968289674,-43.93049234588332,-30.592056663589272,-19.217448379999514
NXPI,NXPI,Information Technology,1413447,26.080442549268177,146.1111111111111,156.54668977716076,-4.067711290726117
ORLY,ORLY,Consumer Discretionary,898173,-1.1072133304100062,-1.1102230246251565e-14,,
OXY,OXY,Energy,797468,18.895914396887157,,,-29.90654205607477
ODFL,ODFL,Industrials,878927,38.93212554223015,3.6363636363636376,10.35639611900625,-6.089391026683999
OMC,OMC,Communication Services,29989,-2.6074569552830495,,,-30.784763970073648
ON,ON,Information Technology,1097864,110.66118755194383,,,-18.749999999999957
OKE,OKE,Energy,1039684,19.472216554444664,-20.64516129032259,-1.6091278466453418,-19.347357155252343
ORCL,ORCL,Information Technology,1341439,-27.7277174192884,,,
OTIS,OTIS,Industrials,1781335,-16.329918150077273,-8.421052631578963,3.610677305315013,-11.612442124511402
PCAR,PCAR,Industrials,75362,9.166476364466792,8.490566037735881,54.832291762177675,-29.930271777945816
PKG,PKG,Materials,75677,15.50695825049704,67.54385964912271,98.00364432991609,-15.38344649356096
PLTR,PLTR,Information Technology,1321655,-27.264018033248803,41.66666666666665,-13.247238276429119,63.29931618554519
PANW,PANW,Information Technology,1327567,87.91596547418708,,,
PSKY,PSKY,Communication Services,2041610,,,,
PH,PH,Industrials,76334,9.562704768838737,,,
PAYX,PAYX,Industrials,723531,-5.265971665330138,,,
PYPL,PYPL,Financials,1633917,-2.742128678986999,-20.915032679738566,-9.370800862777928,-12.73787248134176
PNR,PNR,Industrials,77360,-26.287223823246876,3.960396039603986,34.0769312624198,-22.462130464390427
PEP,PEP,Consumer Staples,77476,0.4389326273252836,-8.108108108108114,-33.453766666075104,38.087292530568995
PFE,PFE,Health Care,78003,-2.369477911646589,,,642.8571428571445
PCG,PCG,Utilities,1004980,5.966438781852079,34.4827586206897,56.5463658342851,-14.093975989804331
PM,PM,Consumer Staples,1413329,13.599252103459026,14.705882352941192,17.199488491048577,-2.127659574468055
PSX,PSX,Energy,1534701,36.68836200216954,-92.85714285714286,-97.9254472477107,244.30829174986656
PNW,PNW,Utilities,764622,23.35363103292738,125.00000000000067,-99.99999999999933,3.377699720527865e+16
PNC,PNC,Financials,713676,19.477719214183043,-15.368852459016413,-32.33320432780117,25.070422945643678
PPG,PPG,Materials,79879,22.321472153072676,27.819548872180388,-70.50318102949689,333.33333333333417
PPL,PPL,Utilities,922224,5.206847360912992,,,161.10134630728786
PFG,PFG,Financials,1126328,25.702947845804978,-16.086956521739125,1466.376811594202,-94.64285714285714
PG,PG,Consumer Staples,80424,5.626482489186557,,,
PGR,PGR,Financials,80661,1.9052636200008743,-4.191616766467043,-15.120694219465058,12.876021254528624
PLD,PLD,Real Estate,1045609,9.215885947046853,-30.000000000000014,7.634498118331834,-34.96508905254244
PRU,PRU,Financials,1137774,0.08858965272857677,-33.858267716535465,-22.410660205935827,-14.754098360655743
PEG,PEG,Utilities,788784,1.5938239322624836,134.92063492063488,66.32632815322978,41.24079905390079
PTC,PTC,Information Technology,857005,-28.55093256814921,,,
PSA,PSA,Real Estate,1393311,27.03869277015569,4.633204633204646,21.19699217259432,-13.666830539656882
PHM,PHM,Consumer Discretionary,822416,14.079761143100878,-30.07812499999999,-6.072286175548614,-25.557780389840744
PWR,PWR,Industrials,1050915,58.409880172097026,-30.28846153846154,35.42943929152054,-48.52556517532358
QCOM,QCOM,Information Technology,804328,3.2386297205658776,,,
DGX,DGX,Health Care,1022079,24.331180811808117,2.7522935779816793,2.416092637670375,0.3282696416672781
Q,Q,Information Technology,2058873,,,,
RL,RL,Consumer Discretionary,1037038,12.59755683746182,,,
RJF,RJF,Financials,720005,1.3016130036744178,,,
RTX,RTX,Industrials,101829,8.55351056578051,26.890756302520934,12.35323655463596,12.939119685097422
O,O,Real Estate,726728,13.193828693030675,3.125000000000022,27.982178946094606,-19.422375170346406
REG,REG,Real Estate,910606,17.300586828950216,,,
REGN,REGN,Health Care,872589,-15.242401471769485,-13.23907455012845,17.007603838914264,-25.850181865687695
RF,RF,Financials,1281761,11.711545555145708,5.0847457627119175,14.87539054530551,-8.522839170442055
RSG,RSG,Industrials,1060391,2.558172464246944,-3.409090909090884,-3.610957449494301,0.20942892995086115
RMD,RMD,Health Care,943819,-13.009007513179194,,,
RVTY,RVTY,Health Care,31791,17.603886706636352,-58.13953488372092,12.546057944172762,-62.805925075542405
HOOD,HOOD,Financials,1783879,-0.4883246026813448,-41.538461538461526,-67.96327426869964,82.48287590894677
ROK,ROK,Industrials,1024478,21.293772818429566,,,
ROL,ROL,Industrials,84839,-27.725,-8.333333333333348,0.8552607736997953,-9.110674085361403
ROP,ROP,Information Technology,882835,-18.16303151463421,22.67002518891692,46.67576339533643,-16.366533673130878
ROST,ROST,Consumer Discretionary,745732,18.421490814231014,0.9999999999999787,24.436700769383958,-18.83423509662053
RCL,RCL,Consumer Discretionary,884887,6.330930090749298,26.086956521739136,6.704625112211371,18.164471679784413
SPGI,SPGI,Financials,64040,-15.882307927762485,24.734042553191472,-14.829773866009944,46.45263751790385
CRM,CRM,Information Technology,1108524,-37.429703717682585,17.475728155339798,19.636851739910433,-1.806402921124084
SNDK,SNDK,Information Technology,2023554,,,,
SBAC,SBAC,Real Estate,1034054,-4.628816448829875,-49.855907780979834,-62.4306100995358,33.4706055963943
SLB,SLB,Energy,87347,17.604899661193652,-5.660377358490576,10.158100047034013,-14.359795057077596
STX,STX,Information Technology,1137789,199.82207051817423,,,
SRE,SRE,Utilities,1032208,5.368671423717286,198.11320754716974,148.4838373040429,19.972876619094016
NOW,NOW,Information Technology,1373715,-31.045068582625735,,,
SHW,SHW,Materials,89800,8.637289390853553,12.565445026178024,-7.840272413118532,22.141685933326507
SPG,SPG,Real Estate,1063761,21.90959658692013,-84.1541755888651,-79.73929540429887,-21.790358591492275
SWKS,SWKS,Information Technology,4127,-1.3167231727509332,,,
SJM,SJM,Consumer Staples,91419,18.867249399376362,,,
SW,SW,Materials,2005951,18.743536711478793,-33.33333333333339,,
SNA,SNA,Industrials,91440,19.612906969995937,-5.060728744939292,-3.2627096354234775,-1.858661848744747
SOLV,SOLV,Health Care,1964738,-1.2367491166077604,-81.08108108108118,-90.2708520035712,94.4560708282294
SO,SO,Utilities,92122,12.303634904254102,215.78947368421066,73.08294334953584,82.44979405422012
LUV,LUV,Industrials,92380,21.523579201934705,-19.64285714285715,,
SWK,SWK,Industrials,93556,23.741249326871294,-62.5,-19.374999999999986,-53.48837209302326
SBUX,SBUX,Consumer Discretionary,829224,23.775601068566353,,,
STT,STT,Financials,93751,32.248314345501036,3.319502074688785,-22.92739092931416,34.05476124459605
STLD,STLD,Materials,1022671,29.989384288747335,54.444444444444365,29.647112556042153,19.126790716363338
STE,STE,Health Care,1757898,-13.965003649563046,,,
SYK,SYK,Health Care,310764,-7.103840682788054,-12.272727272727302,-3.387786212303423,-9.196498778040995
SMCI,SMCI,Information Technology,1375365,85.93376579037215,,,
SYF,SYF,Financials,1601712,-8.517652700353661,11.822660098522174,-35.136350961371164,72.39649904976424
SNPS,SNPS,Information Technology,883241,-6.904959645648323,,,
SYY,SYY,Consumer Staples,96021,15.106498439831784,,,324.9999999999991
TMUS,TMUS,Communication Services,1283699,-12.74258693724757,20.105820105820072,9.324480032317052,9.861780335306424
TROW,TROW,Financials,1113169,15.77970901279171,12.626262626262651,-7.2712824703148105,21.457802530491875
TTWO,TTWO,Communication Services,946581,-0.4139816442101152,,,
TPR,TPR,Consumer Discretionary,1116132,12.794428359026512,,,
TRGP,TRGP,Energy,1389170,40.36861363328364,-11.95219123505975,10.759019401853731,-20.50506654858788
TGT,TGT,Consumer Staples,27419,33.2003682111077,-25.65217391304353,-7.028156546637798,-20.031889951443382
TEL,TEL,Information Technology,1385157,-13.225792272867132,,,
TDY,TDY,Information Technology,1094285,27.546966731898227,-16.523235800344228,15.007397940399802,-27.416178702768434
TER,TER,Information Technology,97210,90.70332282569376,56.17283950617282,153.0881696643537,-38.29310958576622
TSLA,TSLA,Consumer Discretionary,1318605,-12.498331776324568,-45.83333333333336,186.7270696824911,-81.10863172889522
TXN,TXN,Information Technology,97476,69.44092219020175,31.25000000000002,48.45163378434811,-11.587365760713997
TPL,TPL,Energy,1811074,41.8463682285316,,,
TXT,TXT,Industrials,217346,6.062170222528107,,,
TMO,TMO,Health Care,97745,-9.679367708980468,-14.971209213051784,2.6656145120004027,-17.178900461352264
TJX,TJX,Consumer Discretionary,109198,0.27338410466706264,-24.203821656050962,0.37935300040745634,-24.4902700820941
TKO,TKO,Communication Services,1973266,-7.0145648482529355,,,146.4285714285714
TTD,TTD,Communication Services,1671933,-49.72332015810278,-79.48717948717949,-30.74074660047541,-70.38255611204536
TSCO,TSCO,Consumer Discretionary,916365,-36.480000000000004,-26.190476190476176,-6.652661064425791,-20.930232558139505
TT,TT,Industrials,1466258,22.76211878009631,-0.7575757575757569,5.6617348827294744,-6.075340942896512
TDG,TDG,Industrials,1260221,1.4681230126214917,,,
TRV,TRV,Financials,86312,18.022894972760504,-29.014598540145975,96.66023607764618,-63.90454782540418
TRMB,TRMB,Information Technology,864749,-32.30170378405973,-36.363636363636374,-23.390820763601482,-16.9337613708192
TFC,TFC,Financials,92230,3.555465258025192,7.92079207920795,16.6040742005235,-7.44680851063827
TYL,TYL,Information Technology,860731,-29.949987882526607,25.333333333333275,-4.999800225410789,31.92954712802363
TSN,TSN,Consumer Staples,100493,0.5118580447022625,,,
USB,USB,Financials,36104,15.648425787106458,-6.349206349206327,-27.25102912399575,28.731434304981708
UBER,UBER,Industrials,1543151,-8.904528763769893,-18.7500000000003,214.2319277108422,-74.14330218068537
UDR,UDR,Real Estate,74208,11.992368492777338,-14.925373134328357,-34.557979334098775,30.00000000000007
ULTA,ULTA,Consumer Discretionary,1403568,-23.775680544766374,-3.4912718204488713,20.82543264990062,-20.125485121008158
UNP,UNP,Industrials,100885,21.9981846473029,-8.01282051282054,-4.325179255431866,-3.8543487499536733
UAL,UAL,Industrials,100517,19.222858164907898,-32.492113564668735,72.84346785597747,-60.94276094276094
UPS,UPS,Industrials,1090727,11.541175284749517,-51.428571428571445,-30.186549155511056,-30.42683324790444
URI,URI,Industrials,1067701,35.76575574424956,-17.352941176470583,5.421621946303157,-21.60331315560108
UNH,UNH,Health Care,731766,28.81232560960816,13699.999999999809,11967.445255474291,14.35726210350583
UHS,UHS,Health Care,352915,-27.354074889867842,-19.400855920114125,-25.986017525744607,8.897185890410686
VLO,VLO,Energy,1035002,64.5428852297862,15.300546448087381,14.993078324225873,0.2673796791443417
VEEV,VEEV,Health Care,1393052,-13.648176359888886,6.081081081081052,-6.05389019847582,12.916949201189798
VTR,VTR,Real Estate,740260,19.639395114385415,-26.66666666666667,-4.666666666666686,-23.076923076923073
VLTO,VLTO,Industrials,1967680,-7.218768798877074,2.220446049250313e-14,5.2025074205342525,-4.945231390481819
VRSN,VRSN,Information Technology,1014473,5.491067753354728,,,
VRSK,VRSK,Industrials,1442145,-15.815117786419918,22.69503546099292,2.196929709362827,20.05745750867909
VZ,VZ,Communication Services,732712,4.429447852760737,114.28571428571432,119.87577639751552,-2.5423728813559143
VRTX,VRTX,Health Care,875320,16.445772504741328,-13.362068965517249,-1.936228706502452,-11.651438761026345
VRT,VRT,Industrials,1674101,85.7098746371889,-13.157894736842113,-21.42857142857143,10.526315789473673
VTRS,VTRS,Health Care,1792044,33.9486356340289,,,
VICI,VICI,Real Estate,1705696,-3.325035561877676,43.85964912280704,71.22203404025602,-15.980644705468105
V,V,Financials,1403161,3.0355717706076923,,,
VST,VST,Utilities,1692819,-6.384033717614979,421.8181818181816,,
VMC,VMC,Materials,1396009,6.300841514726518,-33.68421052631578,48.73264864907583,-55.41275565518124
WRB,WRB,Financials,11544,2.751639577986875,15.92920353982301,2.882148322763345,12.681554020555886
GWW,GWW,Industrials,277135,33.10377970778979,23.2804232804233,10.934333913306604,11.129186908685075
WAB,WAB,Industrials,943452,22.881236823612095,79.66101694915253,29.757581207522232,38.458975018823274
WMT,WMT,Consumer Staples,104169,0.28725314183122297,28.846153846153854,43.153262616565314,-9.994259654935655
DIS,DIS,Communication Services,1744489,-12.608217974071634,,,
WBD,WBD,Communication Services,1437107,-8.236518120339865,,,
WM,WM,Industrials,823768,4.860731840524313,-2.1857923497267895,-20.690096222298315,23.331643327215957
WAT,WAT,Health Care,1000697,-0.17630651018366583,,,-50.278332182088214
WEC,WEC,Utilities,783325,12.634523301569246,,,
WFC,WFC,Financials,72971,-8.280596374557547,-0.6211180124223614,-14.473661049003795,16.196815164178236
WELL,WELL,Real Estate,766704,27.01347708894879,684.6153846153857,387.7024551678641,60.879933307968685
WST,WST,Health Care,105770,32.83432952419019,5.494505494505475,37.89451190443589,-23.496226182217008
WDC,WDC,Information Technology,106040,214.86768802228417,,,-57.48502994011977
WY,WY,Real Estate,106535,0.23201856148493682,99.99999999999996,352.26701686664524,-55.77833612859466
WSM,WSM,Consumer Discretionary,719955,27.40815412186379,-36.30363036303631,-25.617385655080472,-14.366589292496057
WMB,WMB,Energy,107263,21.66860755281983,16.66666666666665,29.502252232667093,-9.911476707709832
WTW,WTW,Financials,1140536,-12.870488710364558,-58.666666666666664,70.4507326608469,-75.75056869038163
WDAY,WDAY,Information Technology,1327811,-37.01307767487317,55.35714285714284,506.3308856203373,-74.37749807216288
WYNN,WYNN,Consumer Discretionary,1174922,-20.274257220029078,8.333333333333325,355.64395424879535,-76.22412580631321
XEL,XEL,Utilities,72903,10.903553299492398,-6.3157894736842195,-15.638597436977964,11.051034809822124
XYL,XYL,Industrials,1524472,-13.229028940796239,-42.33576642335765,9.101433125555003,-47.14621804254232
YUM,YUM,Consumer Discretionary,1041061,8.827221671622087,-18.848167539266992,26.715976617978686,-35.95769481745127
ZBRA,ZBRA,Information Technology,877212,10.048595667572702,94.28571428571435,-19.429213259995336,141.13667266606004
ZBH,ZBH,Health Care,1136869,-2.6864675454697062,71.83098591549302,201.92365774870726,-43.087935805776134
ZTS,ZTS,Health Care,1555280,-25.712327134000958,-1.3888888888888618,-9.742128809657569,9.254860335840153
